,ID,Country,VFN,Mp,Mh,Man,MMS,Tan,T,Va,Ve,Mk,Cn,Ct,Cr,r,m (kg),Mt,Enedc (g/km),Ewltp (g/km),W (mm),At1 (mm),At2 (mm),Ft,Fm,ec (cm3),ep (KW),z (Wh/km),IT,Ernedc (g/km),Erwltp (g/km),De,Vf,Status,year,Date of registration,Fuel consumption ,Electric range (km)
150063,23029,be,,,hyundai,hyundai,,,fdh,f5p31,a41az1,hyundai motor (cz),"i30, i30 cw",m1,,2.0,1435.0,,165.0,,2700.0,1552.0,1552.0,petrol,m,1591.0,,,,,,,,f,2010,,,
257853,103780,fr,,,seat,seat,seat sa,,,6jscnbmsx0sgfm52r02427gg,,seat,ibiza,m1,,43.0,1150.0,,114.0,,2469.0,1463.0,1457.0,diesel,m,1422.0,,,,,,,,f,2010,,,
72350,8999,at,,,renault,renault,renault,,z,kz1g,kz1g06,renault,megane,m1,,32.0,1432.0,,114.0,,2703.0,1546.0,1547.0,diesel,m,1461.0,,,,,,,,f,2010,,,
209508,217773,sk,,,audi ag,audi,,,b8,ccdnbf1,,audi,a5,m1,,1.0,1535.0,,167.0,,,,,petrol,m,1984.0,,,,,,,,f,2010,,,
97037,149560,lt,,,toyota motor europe,toyota motor europe,,,ar2,zgr20(wc),zgr20l-gwfdpw(1c),toyota,verso,m1,,3.0,1540.0,,158.0,,2780.0,1540.0,,,m,,,,,,,,,f,2010,,,
29503,190619,pl,,,opel,adam opel gmbh,,,0g-a,dm11,1a02c2aehjm5,opel,insignia hatchback,m1,,17.0,1613.0,,162.0,,2737.0,1587.0,,diesel,m,1956.0,,,,,,,,f,2010,,,
65529,246038,gb,,,fiat group automobiles spa,fiat group automobiles spa,alfa romeo,,,axf1b,05,alfa romeo,mito veloce,m1,,2.0,1155.0,,138.0,,,,,petrol,m,1368.0,,,,,,,,f,2010,,,
166457,115824,gr,,,renault,renault,renault,,z,dz1v,dz1v06,renault,megane,m1,,3.0,1270.0,,147.0,,2640.0,1546.0,1547.0,petrol,m,1397.0,,,,,,,,f,2010,,,
145230,29930,be,,,volkswagen,volkswagen,,,7hc,280gcchax0,g0vr0nnnfd7bt01,volkswagen,transport,m1,,14.0,1976.0,,211.0,,3000.0,,,diesel,m,1968.0,,,,,,,,f,2010,,,
206548,217313,si,,,volkswagen,volkswagen,,,aacdaax0-fd7fd7am006st7mgvr04,aacdaax0-fd7fd7am006st7mgvr04,aacdaax0-fd7fd7am006st7mgvr04,volkswagen,passat cc - 1.8 - tsi aut.,m1,,1.0,1512.0,,169.0,,2708.0,1556.0,1562.0,petrol,m,1798.0,,,,,,,,f,2010,,,
116006,150551,lu,,,automobiles citroen,automobiles citroen,,,s,c9hp,4-1,citroen,c3,m1,,1.0,1155.0,,99.0,,,,,diesel,m,1560.0,,,,,,,,f,2010,,,
16873,270569,gb,,,renault,renault,renault,,kw,kw0b,kw0bb5,renault,kangoo,m1,,1.0,1487.0,,140.0,,2697.0,1521.0,1533.0,diesel,m,1461.0,,,,,,,,f,2010,,,
152744,124770,hu,,,nissan international sa,nissan international sa,,,j10,d,d03,nissan,qashqai+2,m1,,1.0,1660.0,,159.0,,2630.0,1545.0,1552.0,diesel,m,1995.0,,,,,,,,f,2010,,,
81628,42099,de,,,audi ag,audi,audi,,8e,aaukf1,favjn0r8e710gg,audi,audi a4,m1,,1.0,1625.0,,229.0,,2655.0,1525.0,1530.0,petrol,m,3123.0,,,,,,,,f,2010,,,
27104,193220,pl,,,skoda,skoda,,,1z,aacbzbx01,nfm6fm6aj008,skoda,octavia,m1,,2.0,1265.0,,134.0,,2500.0,1506.0,,petrol,m,1197.0,,,,,,,,f,2010,,,
241032,55206,de,,,opel,adam opel gmbh,opel,,s-d,fp11,1aaca5k0acg5,opel,corsa,m1,,47.0,1199.0,,129.0,,2511.0,1485.0,1478.0,petrol,m,1398.0,,,,,,,,f,2010,,,
104420,147648,it,,,volkswagen,volkswagen,vw 13 adcavd fd7fd7am0067mgvr0s1,,,,,volkswagen,scirocco,m1,,7.0,1360.0,,147.0,,2575.0,,,petrol,m,1390.0,,,,,,,,f,2010,,,
157255,131782,ie,,,kia,kia,,,sportage,2.0 gse 5dr,2.0 gse 5dr,kia,kia,m1,,1.0,1696.0,,194.0,,2630.0,3000.0,,petrol,m,,,,,,,,,f,2010,,,
221513,197279,pl,,,volkswagen,volkswagen,,,6r,abcgpa,fm5fm52t111llnvr07mg,volkswagen,polo,m1,,3.0,1067.0,,128.0,,2456.0,1456.0,,petrol,m,1198.0,,,,,,,,f,2010,,,
275965,93530,fi,,,skoda,skoda,,,1z,aacaycx01,gfm5fm5a4051,skoda,octavia,m1,,4.0,1355.0,,114.0,,2575.0,1535.0,1508.0,diesel,m,1598.0,,,,,,,,f,2010,,,
196784,185144,pl,,ford pool,ford-werke gmbh,ford-werke gmbh,,,wa6,a0wb1m,7bgaqe,ford,galaxy,m1,,1.0,1697.0,,189.0,,,2850.0,,petrol,m,1999.0,,,,,,,,f,2010,,,
186598,143446,it,,,opel,adam opel gmbh,adam opel gmbh s-d fd11 2a07b1pdbe5,,,,,opel,corsa,m1,,4.0,1205.0,,124.0,,2511.0,,,diesel,m,1248.0,,,,,,,,f,2010,,,
171186,112636,gr,,honda,honda motor co,honda,,,gg3,2,2,honda,jazz,m1,,11.0,1155.0,,125.0,,2495.0,1495.0,1475.0,petrol,m,1339.0,,,,,,,,f,2010,,,
264608,87010,es,,,renault,renault,renault,,k,jk00,,renault,grand espace 3.5,m1,,1.0,1965.0,,289.0,,2868.0,1574.0,1556.0,petrol,,3498.0,,,,,,,,f,2010,,,
231638,80371,es,,bmw,bmw m gmbh,bmw m gmbh,,,187,ub71,,bmw,116i,m1,,14.0,1330.0,,139.0,,2660.0,1484.0,1497.0,petrol,,1599.0,,,,,,,,f,2010,,,
50879,228887,gb,,,audi ag,audi,audi,,8j,rbwaf1,fm62q019r8j600gg,audi,tt tfsi,m1,,7.0,1370.0,,186.0,,2464.0,1566.0,1560.0,petrol,m,1984.0,,,,,,,,f,2010,,,
156903,131430,ie,,honda,honda motor co,honda motor co,,,accord est,tourer 2.2 i-dtec type-s 5dr,tourer 2.2 i-dtec type-s 5dr,honda,honda,m1,,5.0,1629.0,,157.0,,2705.0,3000.0,,diesel,m,,,,,,,,,f,2010,,,
73560,14588,be,,,automobiles citroen,automobiles citroen,,,a*****,ajkfv*,ajkfvc,citroen,nemo,m1,,25.0,1280.0,,155.0,,2513.0,1467.0,1464.0,petrol,m,1360.0,,,,,,,,f,2010,,,
237860,14331,be,,,audi ag,audi,,,8p,acdaaf1,fm62s002r8p607mgem0,audi,audi a3,m1,,2.0,1355.0,,152.0,,2578.0,1522.0,1515.0,petrol,m,1798.0,,,,,,,,f,2010,,,
268238,90917,fi,,,automobiles peugeot,automobiles peugeot,,,v*****,vv4hk*,vv4hk8-p,peugeot,4007,m1,,1.0,1845.0,,189.0,,2672.0,1540.0,1540.0,diesel,m,2179.0,,,,,,,,f,2010,,,
310290,58358,de,,daimler ag,daimler ag,daimler ag stuttgart,daimler (d),e1*2007-46,639-2,laa33305n,2a2g2u28,mercedes-benz,viano,m1,,19.0,2355.0,,232.0,,3200.0,1630.0,1630.0,diesel,m,2143.0,120.0,,,,,,,f,2011,,,
163214,151410,it,,vw group pc,audi ag,audi ag,audi ag,e1*2007-46*0414*01,8x,acaxaf1,fd7am014r8x52ll7mgem2,audi,audi a1,m1,,424.0,1200.0,,122.0,,2457.0,1462.0,,petrol,m,1390.0,90.0,,,,,,,f,2011,,,
233588,145962,ie,,,unknown,ford-werke gmbh,,,grand c max,1.6 tdci zetec 115bhp  5dr,1.6 tdci zetec 115bhp  5dr,ford,ford,m1,,1.0,300.0,,129.0,,,500.0,,diesel,m,,,,,,,,,f,2011,,,
292421,96154,gr,,toyota-daihatsu group,daihatsu,daihatsu motor co ltd,,e13*2001-116*0179*07,j2,j210l(r)g,gqdfw,daihatsu,terios,m1,,2.0,1280.0,,178.0,,2580.0,,,petrol,m,,,,,,,,,f,2011,,,
7492,239992,pl,,toyota-daihatsu group,toyota,toyota motor europe nv sa,,,ab1,kgb10(g),kgb10l-agmrkw(1j),toyota,aygo,m1,,4.0,911.0,,105.0,,2340.0,2340.0,,petrol,m,998.0,50.0,,,,,,,f,2011,,,
323093,299418,gb,,,fiat group automobiles spa,fiat group automobiles spa,fiat,e3*2001-116*0278*04,955,axm1a,9,alfa romeo,alfa mito,m1,,38.0,1210.0,,129.0,,2511.0,1483.0,1475.0,petrol,m,1368.0,99.0,,,,,,,f,2011,,,
141662,289563,gb,,,bmw ag,bayerische motoren werke ag,bmw,,1k4,uh52,5a,bmw,116d sport,m1,,1.0,1380.0,,118.0,,2660.0,1484.0,1497.0,diesel,m,1995.0,,,,,,,,f,2011,,,
190221,28708,be,,,opel,adam opel ag,opel,e1*2001-116*0379*19,s-d,bn11,1aaba690bda5,opel,corsa,m1,,2.0,1141.0,,129.0,,2511.0,1485.0,1478.0,petrol,m,1229.0,63.0,,,,,,,f,2011,,,
230282,184279,lv,,,fuji heavy industries,fuji heavy industries ltd,fuji heavy industries,e13*2001-116*0982*06,sh,shd,0k0,subaru,forester,m1,,2.0,1615.0,,167.0,,2615.0,1530.0,1530.0,diesel,m,1998.0,108.0,,,,,,,f,2011,,,
87401,39468,cy,,daimler ag,daimler ag,daimler ag,,,463,c7bam1,nzaaa500,mercedes,g 350 bluetec,m1,,1.0,2580.0,,295.0,,2850.0,1475.0,1555.0,diesel,m,,,,,,,,,f,2011,,,
33669,203588,nl,,vw group pc,skoda,skoda auto as,skoda auto a.s.,e11*2001-116*0326*17,3t,accffbx01,nfm6fm62q025w0,skoda,superb,m1,,10.0,1569.0,,145.0,,2758.0,1545.0,1518.0,diesel,,1968.0,103.0,,,,,,,f,2011,,,
162567,150763,it,,vw group pc,audi ag,audi ag,audi ag,e1*2007-46*0436*01,4g,scducq1,qd7b5027r4g707mgem2,audi,audi a7,m1,,415.0,1860.0,,158.0,,2922.0,1645.0,,diesel,m,2967.0,180.0,,,,,,,f,2011,,,
217766,114302,es,,ford-werke gmbh,ford werke gmbh,ford-werke gmbh,,c-2359,connect2,,,ford,transit,m1,,1.0,1589.0,,159.0,,,,,diesel,m,1753.0,,,,,,,,f,2011,,,
7399,239899,pl,,suzuki,suzuki motor corporation,suzuki motor corporation,,,fj,b43v,5mt,suzuki,jimny,m1,,1.0,1135.0,,162.0,,1600.0,1600.0,,petrol,m,1328.0,63.0,,,,,,,f,2011,,,
192269,26050,be,,,hyundai,hyundai motor company,hyundai,e4*2001-116*0129*09,tq,f8d82,a51az1,hyundai motor (kor),h-1,m1,,1.0,2260.0,,231.0,,3200.0,1685.0,1660.0,diesel,m,2497.0,125.0,,,,,,,f,2011,,,
170342,160906,it,,mitsubishi motors,mitsubishi motors corporation,mitsubishi motors corportion mmc,mitsubishi motors corporation,e1*2001-116*0385*12,v80,v8524,adabb5b5caga,mitsubishi,pajero,m1,,1.0,2180.0,,216.0,,2545.0,1560.0,,diesel,m,3200.0,147.0,,,,,,,f,2011,,,
80414,4892,at,,ford-werke gmbh,ford werke gmbh,ford-werke gmbh,ford,,dyb,tyda1k,5qncnd,ford,"focus 5t trend 2,0d",m1,,29.0,1522.0,,139.0,,2648.0,1559.0,1549.0,diesel,m,1997.0,,,,,,,,f,2011,,,
199262,124939,fi,,ford-werke gmbh,ford werke gmbh,ford-werke gmbh,ford-werke,e13*2007-46*1103*03,dxa,ufdb1h,7nlcpg,ford,grand c-max,m1,,3.0,1641.0,,139.0,,2788.0,1559.0,1569.0,diesel,m,1997.0,103.0,,,,,,,f,2011,,,
303688,86239,dk,,,fiat group automobiles spa,fiat group automobiles spa,fiat,e3*2001-116*0217*22,199,bxy1a,49b,fiat,fiat punto,m1,,29.0,1220.0,,95.0,,2510.0,1467.0,1460.0,diesel,m,1248.0,62.0,,,,,,,f,2011,,,
156378,135299,fr,,,fiat group automobiles spa,fiat group automobiles spa,fiat,e3*2001-116*0248*21,198,axt1b,16,fiat,fiat bravo,m1,,22.0,1435.0,,135.0,,2600.0,1538.0,1532.0,diesel,m,1956.0,121.0,,,,,,,f,2011,,,
288656,76405,de,,vw group pc,skoda,skoda auto as,skoda (cz),e11*2001-116*0230*43,1z,accaycx01,nfm5fm5a40517,skoda,octavia,m1,,54.0,1375.0,,109.0,,2575.0,1541.0,1514.0,diesel,m,1598.0,77.0,,,,,,,f,2011,,,
188971,25332,be,,,out of scope,ford-werke gmbh,ford,e13*2001-116*0157*13,db3,g6db1x,4nlbp6,ford,focus cc,m1,,1.0,1608.0,,156.0,,2640.0,1545.0,1541.0,diesel,m,1997.0,100.0,,,,,,,f,2011,,,
108897,308964,gb,,ford-werke gmbh,ford werke gmbh,ford-werke gmbh,ford,e13*2007-46*1138*01,dyb,t1db1l,5daamc,ford,focus titanium x tdci,m1,,5.0,1424.0,,109.0,,2648.0,1559.0,1549.0,diesel,m,1560.0,,,,,,,,f,2011,,,
123726,277738,gb,,,aa-iva,aa-iva,skoda,,1z,aacegax01,nfm6fm62q0170,skoda,octavia vrs tdi cr,m1,,1.0,1470.0,,149.0,,,,,diesel,m,1968.0,,,,,,,,f,2011,,,
310145,58213,de,,daimler ag,daimler ag,daimler ag stuttgart,daimler (d),e1*2007-46,639-2,kaa71320e,3m3c2t29,mercedes-benz,vito,m1,,1.0,2185.0,,190.0,,3430.0,1630.0,1630.0,diesel,m,2143.0,100.0,,,,,,,f,2011,,,
325104,147069,ie,,mitsubishi motors,mitsubishi motors corporation,mitsubishi motors corportion mmc,,,colt,1.3 invite 5-door amt 5dr auto,1.3 invite 5-door amt 5dr auto,mitsubishi,mitsubishi,m1,,8.0,1955.0,,127.0,,2500.0,1695.0,,petrol,m,,,,,,,,,f,2011,,,
170932,161496,it,,,opel,adam opel ag,adam opel ag,e1*2001-116*0379*19,s-d,kn11,1aacd5b2cca5,opel,corsa,m1,,54.0,1199.0,,125.0,,2511.0,1485.0,,petrol,m,1229.0,63.0,,,,,,,f,2011,,,
9992,257492,se,,,bmw ag,bayerische motoren werke ag,bmw,,ukl-x,zc31,5b,mini,cooper s countryman,m1,,2.0,1410.0,,166.0,,2595.0,1526.0,1551.0,petrol,m,1598.0,,,,,,,,f,2011,,,
51100,227912,pl,,,nissan,nissan international sa,,,,,,nissan,murano,m1,,1.0,1865.0,,219.0,,2753.0,1888.0,,petrol,m,3498.0,188.0,,,,,,,f,2011,,,
155656,134577,fr,,daimler ag,daimler ag,daimler ag stuttgart,daimler ag,e1*2001-11,221,i1bbp0,nzaab501,mercedes benz,classe s,m1,,1.0,2060.0,,179.0,,3165.0,1600.0,1606.0,diesel,m,2987.0,190.0,,,,,,,f,2011,,,
260847,184087,fi,,vw group pc,audi ag,audi ag,audi ag,e1*2001-116*0430*31,b8,scnhaq1,qd7b5027rb8tas57mmem1,audi,a5 sportback,m1,,1.0,1760.0,,135.0,,2817.0,1595.0,1584.0,diesel,m,1968.0,140.0,,,,,,,f,2014,,,
299222,197361,fr,,na,automobiles peugeot,automobiles peugeot,automobiles peugeot,e2*2001-116*0362*37,4,h9hd,8-s,peugeot,308,m1,,2.0,1560.0,,129.0,,2708.0,1536.0,1531.0,diesel,m,1560.0,84.0,,,,,,,f,2014,,,
209340,35671,be,,bmw group,bmw ag,bayerische motoren werke ag,mini,e1*2007-46*0371*13,ukl-l,xn91,6a2400c0,mini,cooper sd,m1,,5.0,1265.0,,107.0,,2495.0,1485.0,1485.0,diesel,m,1995.0,125.0,,,,,,,f,2014,,,
148047,294426,it,,bmw group,bmw ag,bayerische motoren werke ag,bayerische motoren werke ag,e1*2007-46*0277*08,1c,1j71,6a040700,bmw,m235i,m1,,9.0,1545.0,,176.0,,2690.0,1516.0,1532.0,petrol,m,2979.0,240.0,,,,,,,f,2014,,,
78461,364182,pl,,general motors,opel,adam opel ag,,e4*2007-46*0537*09,j-a,jmxxfxx,m44pfxgxggr,opel,mokka,m1,,2.0,1394.0,,145.0,,2555.0,1540.0,1540.0,petrol,m,1364.0,103.0,,,,,,,f,2014,,,
189657,142347,de,,na,volvo,volvo car corporation,volvo (s),e9*2001-116*0065*17,b,bw88,bw88a0,volvo,v70,m1,,1.0,1814.0,,149.0,,2816.0,1585.0,1586.0,diesel,m,1984.0,120.0,,,,,,,f,2014,,,
334867,12490,at,,pool renault,renault,renault sas,renault s.a.s.,e2*2001-116*0327*56,r,7rtl,7rtl0e,renault,clio,m1,,1.0,1255.0,,95.0,,2589.0,1501.0,1505.0,diesel,m,1461.0,66.0,,,,,,,f,2014,,,
296663,224802,gb,,na,automobiles peugeot,automobiles peugeot,peugeot,e11*2001-116*0237*10,p*****,pmcfb*,pmcfb4,peugeot,107 active,m1,,2.0,900.0,,99.0,,2340.0,1415.0,1405.0,petrol,m,998.0,,,,,,,,f,2014,,,
253192,171432,es,,general motors,opel,adam opel ag,adam opel ag,e1*2007-46*0374*11,0ga,aadlc12,ba1k2jdwa5,opel,insignia,m1,,1.0,1571.0,,123.0,,2737.0,1587.0,1590.0,petrol,m,1364.0,,,,,,,,f,2014,,,
84755,14723,at,,pool renault,renault,renault sas,renault s.a.s.,e2*2001-116*0373*50,z,bzy3,bzy306,renault,megane,m1,,1.0,1401.0,,169.0,,2641.0,1546.0,1547.0,petrol,m,1998.0,162.0,,,,,,,f,2014,,,
290237,220876,gb,,vw group pc,audi ag,audi ag,audi,e1*2007-46*0436*13,4g,aclaaq1,qd7b5027r4g72s57mjem2,audi,a6 s line tdi quattro auto,m1,,1.0,1865.0,,152.0,,2921.0,1614.0,1610.0,diesel,m,2967.0,,,,,,,,f,2014,,,
39922,202341,fr,,daimler ag,daimler ag,daimler ag,daimler ag,e1*2001-116*0470*11,245g,234hq2,ozabb543,mercedes benz,classe cla,m1,,11.0,1430.0,,125.0,,2699.0,1551.0,1552.0,petrol,m,1595.0,115.0,,,,,,,f,2014,,,
187090,159034,es,,na,automobiles peugeot,automobiles peugeot,automobiles peugeot,e2*2007-46*0070*13,c,cc9hp,cc9hp0-s,peugeot,208,m1,,7.0,1155.0,,100.0,,2538.0,1470.0,1472.0,diesel,m,1560.0,,,,,,,,f,2014,,,
261977,143595,dk,,na,automobiles citroen,automobiles citroen,automobiles citroen,e2*2007-46*0003*29,s,schmz,schmz0-1ps,citroen,c3,m1,,43.0,1055.0,,95.0,,2451.0,1469.0,1471.0,petrol,m,1199.0,60.0,,,,,,,f,2014,,,
363786,100104,de,,daimler ag,daimler ag,daimler ag,daimler (d),e1*2007-46*0548*06,172,k4s8m0,nzaaa200,mercedes-benz,slk 200,m1,,6.0,1470.0,,142.0,,2430.0,1585.0,1560.0,petrol,m,1796.0,135.0,,,,,,,f,2014,,,
294601,222740,gb,,vw group pc,audi ag,audi ag,audi,e1*2007-46*0607*12,8v,scxsaf1,fd7am006r8v617m8em1,audi,a3,m1,,1.0,1300.0,,116.0,,2620.0,,,petrol,m,1395.0,,,,,,,,f,2014,,,
171970,373613,pl,,vw group pc,volkswagen,volkswagen ag,volkswagen,e1*2001-116*0252*39,2k,accaydx01,l0j2fm5fm5a4056n1stvr07mj,volkswagen,caddy,m1,,2.0,1591.0,,152.0,,3006.0,1537.0,1544.0,diesel,m,1598.0,75.0,,,,,,,f,2014,,,
386758,340077,nl,,daimler ag,daimler ag,daimler ag,daimler ag,e1*2001-116*0335*24,221,p17vr0,nzaab401,mercedes-benz,s 500,m1,,1.0,2015.0,,207.0,,3165.0,1643.0,1647.0,petrol,,4663.0,335.0,,,,,,,f,2014,,,
285942,6925,at,,daimler ag,daimler ag,daimler ag,daimler ag,e1*2007-46*0457*08,639-2,kaa71305n,3a2b2u29,mercedes-benz,vito,m1,,3.0,2328.0,,214.0,,3430.0,1630.0,1630.0,diesel,m,2143.0,100.0,,,,,,,f,2014,,,
244122,110341,de,,hyundai,hyundai czech,hyundai motor manufacturing czech sro,hyundai motor (cz),e11*2007-46*0337*04,gdh,b5p11,m61cz1,hyundai,i 30,m1,,169.0,1260.0,,143.0,,2650.0,1585.0,1563.0,petrol,m,1396.0,73.0,,,,,,,f,2014,,,
62718,232029,gb,,daimler ag,daimler ag,daimler ag,mercedes,e1*2001-116*0470*07,245g,1212m2,azaab503,mercedes,a180 blueefficiency sport cdi,m1,,242.0,1395.0,,105.0,,2699.0,1559.0,1552.0,diesel,m,1461.0,,,,,,,,f,2014,,,
384759,338078,nl,,bmw group,bmw ag,bayerische motoren werke ag,bayerische motoren werke ag,e1*2007-46*0273*11,1k2,1n31,5h040000,bmw,116ed,m1,,1.0,1390.0,,99.0,,2690.0,1521.0,1555.0,diesel,m,1598.0,85.0,,,,,,,f,2014,,,
141676,300217,it,,ford-werke gmbh,ford werke gmbh,ford-werke gmbh,ford werke,e13*2007-46*1138*11,dyb,txdb1k,5nfand,ford,focus,m1,,6.0,1421.0,,124.0,,2648.0,1559.0,,diesel,m,1997.0,120.0,,,,,,,f,2014,,,
240515,129795,de,,vw group pc,volkswagen,volkswagen ag,volkswagen-vw,e1*2001-116*0242*50,1k,aecaycx0,fm5fm5a4051e7mjvi,volkswagen,golf,m1,,30.0,1501.0,,117.0,,2577.0,1585.0,1500.0,diesel,m,1598.0,77.0,,,,,,,f,2014,,,
14110,266610,gr,,hyundai,hyundai assan,hyundai assan otomotiv sanayi ve,hyundai assan otomotiv sanayi ve ticaret as,e11*2007-46*0129*03,pbî¤,f5d101,m65az1,hyundai,i20,m1,,88.0,1207.0,,99.0,,2525.0,1491.0,1489.0,diesel,m,1120.0,55.0,,,,,,,f,2014,,,
254034,172274,es,,general motors,opel,adam opel ag,adam opel ag,e4*2007-46*0204*17,pj,sw-echca12,ba2r5fpha7,opel,zafira,m1,,2.0,1733.0,,139.0,,2760.0,1577.0,1577.0,diesel,m,1956.0,,,,,,,,f,2014,,,
254292,172532,es,,pool renault,renault,renault sas,renault s.a.s.,e2*2001-116*0327*65,r,2rfl,2rfl1h,renault,captur,m1,,1.0,1245.0,,95.0,,2606.0,1531.0,1516.0,diesel,m,1461.0,,,,,,,,f,2014,,,
262348,143966,dk,,bmw group,bmw ag,bayerische motoren werke ag,bmw ag,e1*2007-46*0273*08,1k2,1n31,5h050000,bmw,116ed,m1,,1.0,1390.0,,99.0,,2690.0,1521.0,1556.0,diesel,m,1598.0,85.0,,,,,,,f,2014,,,
90170,48848,be,,general motors,opel,adam opel ag,opel,e1*2007-46*0141*20,p-j,caeda13,ba1h1ehta5,opel,astra,m1,,35.0,1393.0,,154.0,,2685.0,1541.0,1551.0,petrol,m,1598.0,85.0,,,,,,,f,2014,,,
170002,371645,pl,,vw group pc,volkswagen,volkswagen ag,,e1*2001-116*0307*34,3c,aacaxax0,fm6fm6aj009stp07mjsnvr00,volkswagen,passat,m1,,4.0,1440.0,,145.0,,2711.0,1541.0,1541.0,petrol,m,1390.0,90.0,,,,,,,f,2014,,,
32434,192353,es,,hyundai,hyundai czech,hyundai motor manufacturing czech sro,hyundai motor manufacturing czech s.r.o.,e11*2007-46*2724*01,tle,f5paa,d71zz1,hyundai,tucson,m1,,1.0,1690.0,,175.0,,2670.0,1604.0,1615.0,petrol,m,1591.0,,,,,,,,f,2015,,,
155454,295794,hr,,vw group pc,skoda,skoda auto as,"skoda auto a.s., tr. vaclava klementa 869, cz-29360 mlada boleslav, republika ceská",e11*2007-46*0243*15,5e,accjsax0,nfm6fm62s031stml677,skoda,octavia,m1,,12.0,1342.0,,136.0,,2676.0,1549.0,1502.0,petrol,m,1798.0,132.0,,,,,,,f,2015,,,
424018,343956,lu,,general motors,opel,adam opel ag,adam opel ag,e4*2007-46*0537*11,j-a,jmxxaxx,a44pax4yrrb,opel,mokka,m1,,3.0,1445.0,,149.0,,2555.0,1540.0,1540.0,petrol,m,1364.0,103.0,,,,,,,f,2015,,,
91440,14521,at,,ford-werke gmbh,ford werke gmbh,ford-werke gmbh,ford werke gmbh,e13*2007-46*1103*12,dxa,t3db1h,7ddcnf,ford,"grand c-max easy 1,6d",m1,,3.0,1504.0,,120.0,,2788.0,1554.0,1564.0,diesel,m,1560.0,70.0,,,,,,,f,2015,,,
391237,92157,cz,,vw group pc,audi ag,audi ag,"audi ag, ingolstadt, srn",e1*2007-46*0414*16,8x,schzbf1,fm5df002p8x04lls57mmem2,audi,a1 sportback,m1,,1.0,1135.0,,98.0,,2457.0,1456.0,1450.0,petrol,m,999.0,70.0,,,,,,,f,2015,,,
205518,158923,de,,vw group pc,volkswagen,volkswagen ag,volkswagen-vw,e1*2001-116*0450*21,5n,accuwax1,ad7ad7bh003gdstvr27mm62,volkswagen vw,tiguan,m1g,,10.0,1727.0,,150.0,,2605.0,1575.0,1577.0,diesel,m,1968.0,135.0,,,,,,,f,2015,,,
105724,40878,at,,vw group pc,volkswagen,volkswagen ag,volkswagen ag,e1*2001-116*0220*37,7hc,mcxfa300x0,nnfm6500816tvr27mmg02l63272,"volkswagen, vw",multivan,m1,,1.0,2063.0,,161.0,,3000.0,1624.0,1630.0,diesel,m,1968.0,110.0,,,,,,,f,2015,,,
267871,107669,de,,vw group pc,audi ag,audi ag,audi,e1*2001-116*0430*37,b8,a2deuaf1,fm6dj002p8w05s57mmem1,audi,a4 avant,m1,,6.0,1550.0,,109.0,,2828.0,1575.0,1568.0,diesel,m,1968.0,110.0,,,,,,,f,2015,,,
422620,346979,lu,,vw group pc,volkswagen,volkswagen ag,volkswagen ag,e1*2001-116*0220*40,7hc,mcxeb308x1,nnad7bt0117tvr27mmg02l64272,volkswagen,multivan,m1,,3.0,2195.0,,172.0,,3000.0,1624.0,1630.0,diesel,m,1968.0,150.0,,,,,,,f,2015,,,
129906,313838,it,,,automobiles citroen,automobiles citroen,automobiles citroen,e2*2007-46*0356*09,3,dbhy6,2sm,citroen,c4 picasso,m1,,210.0,1371.0,,99.0,,2785.0,1590.0,1587.0,diesel,m,1560.0,73.0,,,,,,,f,2015,,,
5697,238197,fr,,vw group pc,volkswagen,volkswagen ag,volkswagen ag,e1*2007-46*0539*16,16,aecbzbx0,fm6fm6aj010lln7mjvivr0,volkswagen,beetle,m1,,56.0,1388.0,,142.0,,2538.0,1570.0,1546.0,petrol,m,1197.0,77.0,,,,,,,f,2015,,,
382453,88651,bg,,general motors,opel,adam opel ag,adam opel ag,e4*2007-46*0165*12,s-d monocab b,eadta11,bx1h1ekxj5,opel,meriva,m1,,3.0,1386.0,,140.0,,2644.0,1488.0,1509.0,petrol,m,1398.0,74.0,,,,,,,f,2015,,,
197463,401990,ro,,ford-werke gmbh,ford werke gmbh,ford-werke gmbh,ford-werke gmbh,e13*2001-116*0249*28,ba7,unce1e,5agdnf,ford,mondeo,m1,,1.0,1485.0,,136.0,,2850.0,1589.0,1585.0,petrol,m,1498.0,118.0,,,,,,,f,2015,,,
314841,224441,fr,,daimler ag,daimler ag,daimler ag,daimler ag,e1*2001-116*0502*20,207,l361p0,nzaab404,mercedes benz,classe e,m1,,2.0,1735.0,,165.0,,2760.0,1552.0,1533.0,petrol,m,3498.0,245.0,,,,,,,f,2015,,,
46055,198474,es,,vw group pc,seat,seat sa,"seat,s.a.",e9*2007-46*0094*15,5f,fczeax0v,fd7sfd7cw0067mmvlo564,seat,leon,m1,,4.0,1297.0,,111.0,,2620.0,1549.0,1520.0,petrol,m,1395.0,,,,,,,,f,2015,,,
227598,35418,at,,vw group pc,skoda,skoda auto as,skoda auto a.s. tr. vaclava klementa 869,e11*2007-46*0243*09,5e,acckfcx0,nfm6fm62q025stvl7,skoda,octavia,m1,,1.0,1470.0,,110.0,,2668.0,1533.0,1504.0,diesel,m,1968.0,110.0,,,,,,,f,2015,,,
147386,298626,hu,,bmw group,bmw ag,bayerische motoren werke ag,mini,e1*2007-46*0371*20,ukl-l,xm51,6a1400c0,mini,cooper,m1,,2.0,1190.0,,109.0,,2495.0,1501.0,1501.0,petrol,m,1499.0,100.0,,,,,,,f,2015,,,
328212,387402,pl,,toyota-dahaitsu group,toyota,toyota motor europe nv sa,,e11*2001-116*0304*10,e15ej(a),nde180(e),nde180l-defnxw(9l),toyota,corolla,m1,,91.0,1395.0,,104.0,,2700.0,1535.0,1535.0,diesel,m,1364.0,66.0,,,,,,,f,2015,,,
57095,241407,gb,,vw group pc,audi ag,audi ag,audi,e1*2001-116*0430*32,b8,hcglcq1,qm6b2007rb8h1s57mjem1,audi,a4 allroad tdi quattro,m1,,11.0,1705.0,,153.0,,2815.0,1588.0,1576.0,diesel,m,1968.0,,,,,,,,f,2015,,,
249788,130546,de,,daimler ag,daimler ag,daimler ag,daimler (d),e1*2001-116*0502*20,207,l30wp0,nzaab402,mercedes-benz,e 220 bluetec,m1,,1.0,1735.0,,120.0,,2760.0,1552.0,1533.0,diesel,m,2143.0,130.0,,,,,,,f,2015,,,
144015,307629,ie,,daimler ag,daimler ag,daimler ag,,e1*2001-116*0431*32,204,r00rp0,nzaab521,mercedes-benz,c220 cdi,m1,,1.0,1570.0,,110.0,,2840.0,1588.0,1534.0,diesel,m,2143.0,,,,,,,,f,2015,,,
436653,124120,de,,daimler ag,daimler ag,daimler ag,daimler (d),,245 g,,,,b200cdi,m1,,2.0,1505.0,,107.0,,,,,petrol,m,2143.0,100.0,,,,,,,f,2015,,,
27029,137563,de,,kia,kia slovakia,kia motors slovakia sro,kia motors (sk),e4*2007-46*0496*00,jd,b5p11,m61cz1,kia,ceed,m1,,1.0,1258.0,,143.0,,2650.0,1553.0,1561.0,petrol,m,1396.0,73.0,,,,,,,f,2015,,,
183110,428845,sk,,honda motor europe ltd,honda uk,honda of the uk manufacturing ltd,honda of the uk manufacturin,e11*2001-116*0302*08,re6,3,4,honda,cr-v,m1,,2.0,1831.0,,180.0,,2630.0,1570.0,1580.0,diesel,m,2199.0,110.0,,,,,,,f,2015,,,
82126,363777,nl,,fca italy spa,fiat group,fca italy spa,fiat group automobiles spa,e3*2007-46*0064*12,312,axg1a,08f,fiat,fiat 500,m1,,3.0,1045.0,,92.0,,2300.0,1413.0,1407.0,petrol,m,875.0,62.0,,,,,,,f,2015,,,
51337,228149,fr,,,mazda,mazda motor corporation,mazda motor corp,e1*2001-116*0448*15,gh,622,62w0,mazda,6,m1,,2.0,1562.0,,119.0,,2830.0,1585.0,1575.0,diesel,m,2191.0,129.0,,,,,,,f,2015,,,
204852,158257,de,,vw group pc,volkswagen,volkswagen ag,volkswagen-vw,e1*2007-46*0627*14,auv,vaccunax0,fm6fm6fb001n7mmmn1ml68vr2,volkswagen,golf,m1,,46.0,1475.0,,115.0,,2620.0,1533.0,1502.0,diesel,m,1968.0,135.0,,,,,,,f,2015,,,
163466,292973,hr,,daimler ag,daimler ag,daimler ag,"daimler ag, 70546 stuttgart, njemacka",e1*2001-116*0413*25,451,5311g0,dzaaa200,smart,fortwo coupe,m1,,4.0,880.0,,93.0,,1873.0,1471.0,1431.0,petrol,m,999.0,52.0,,,,,,,f,2015,,,
318283,205383,fi,,ford-werke gmbh,ford werke gmbh,ford-werke gmbh,ford-werke gmbh,e13*2007-46*1138*15,dyb,pndd16,5zxama,ford,focus,m1,,12.0,1334.0,,146.0,,2648.0,1559.0,1549.0,petrol,m,1596.0,92.0,,,,,,,f,2015,,,
281665,144744,de,,general motors,opel,adam opel ag,opel,e4*2007-46*0204*18,p-j-sw,dbdcc12,ba1k2jdwa5,opel,astra sports tourer,m1,,11.0,1471.0,,136.0,,2685.0,1541.0,1551.0,petrol,m,1364.0,103.0,,,,,,,f,2015,,,
365908,476228,at,,vw group pc,volkswagen,volkswagen ag,volkswagen ag,e1*2001-116*0220*44,7hc,gcxfa320x1,lnad7bt0116nvr27mmg02l65382,"volkswagen, vw",kombi,m1,,1.0,2063.0,,161.0,,3400.0,1622.0,1628.0,diesel,m,1968.0,110.0,,,,,,,f,2016,,,
395963,13080,lu,,vw group pc,audi ag,audi ag,audi ag,e1*2007-46*0414*17,8x,sczeaf1,fm6a8009p8x04lls57mmem2,audi,a1 sportback,m1,,1.0,1220.0,,112.0,,2457.0,1456.0,1450.0,petrol,m,1395.0,110.0,,,,,,,f,2016,,,
230576,153574,dk,,renault,dacia,automobile dacia sa,dacia,e2*2001-116*0314*79,sd,hsdcw,hsdcw6,dacia,duster,m1,,3.0,1318.0,,138.0,,2673.0,1560.0,1567.0,petrol,m,1197.0,92.0,,,,,,,f,2016,,,
199019,394898,se,,vw group pc,volkswagen,volkswagen ag,volkswagen ag,e1*2007-46*0627*17,auv,vaccjsbx1,ad6ad6d9004c7mmon1ml69vr2,vw,golf,m1,,253.0,1540.0,,153.0,,2620.0,1533.0,1502.0,petrol,m,1798.0,132.0,,,,,,,f,2016,,,
454889,340284,be,,general motors,opel,adam opel ag,opel,e4*2007-46*0996*02,b-k,cb0febb12,bk1g3jbkk5,opel,astra+,m1,,6.0,1350.0,,103.0,,2662.0,1548.0,1565.0,diesel,m,1598.0,100.0,,,,,,,f,2016,,,
423353,86262,fr,,vw group pc,skoda,skoda auto as,skoda auto as,e11*2007-46*0243*09,5e,aackfcx0,nfm6fm62q025stvl7,skoda,octavia,m1,,1.0,1330.0,,106.0,,2668.0,1533.0,1504.0,diesel,m,1968.0,110.0,,,,,,,f,2016,,,
265752,24333,de,,general motors,opel,adam opel ag,opel,e4*2007-46*0204*24,p-j-sw,ecdlc12,ba2m3japj5,opel,zafira tourer,m1,,1.0,1613.0,,152.0,,2760.0,1577.0,1577.0,petrol,m,1364.0,103.0,,,,,,,f,2016,,,
110431,443251,ee,,,automobiles citroen,automobiles citroen,automobiles citroen,e2*2007-46*0356*9,3,a5gz,t-1s,citroen,c4 picasso,m1,,2.0,1395.0,,130.0,,2840.0,1587.0,1590.0,petrol,m,1598.0,121.0,,,,,,,f,2016,,,
218408,378722,it,,renault,renault,renault sas,renault s.a.s.,e2*2001-116*0327*78,r,2rbr,2rbr1c,renault,captur,m1,,10.0,1265.0,,101.0,,2606.0,1531.0,1516.0,diesel,m,1461.0,81.0,,,,,,,f,2016,,,
386912,65439,be,,vw group pc,audi ag,audi ag,audi,e1*2001-116*0430*34,b8,acsuaf1,fm6b1002pb803s57mmem1,audi,a4 avant,m1,,7.0,1670.0,,125.0,,2817.0,1550.0,1538.0,diesel,m,1968.0,110.0,,,,,,,f,2016,,,
261082,33630,fr,,general motors,opel,adam opel ag,adam opel ag,e4*2007-46*0204*22,p-j-sw,ebhmc12,ba2s1fpha7,opel,zafira tourer,m1,,1.0,1901.0,,129.0,,2760.0,1577.0,,diesel,m,1956.0,125.0,,,,,,,f,2016,,,
213102,428367,be,,vw group pc,volkswagen,volkswagen ag,volkswagen,e1*2007-46*0627*12,auv,saccxxax0,fm5fm5a4051n7mmon1vl01vr2,"volkswagen, vw",golf sportsvan,m1,,1.0,1415.0,,101.0,,2670.0,1533.0,1504.0,diesel,m,1598.0,66.0,,,,,,,f,2016,,,
162228,329820,se,,fca italy spa,chrysler,fca us llc,chrysler group llc,e4*2001-116*0116*20,jk,jxjf9,f5hd3a,jeep,wrangler unlimited,m1g,,36.0,2073.0,,230.0,,2947.0,1572.0,1572.0,diesel,m,2776.0,147.0,,,,,,,f,2016,,,
283134,120916,es,,bmw group,bmw ag,bayerische motoren werke ag,bayerische motoren werke ag,e1*2007-46*0315*15,3k,8l71,6a250000,bmw,316d,m1,,6.0,1585.0,,116.0,,2810.0,1543.0,1583.0,diesel,m,1995.0,85.0,,,,,,,f,2016,,,
450259,335654,be,,general motors,opel,adam opel ag,opel,e4*2007-46*0996*01,b-k,ca0daab12,bk1e1khgk5,opel,astra+,m1,,3.0,1278.0,,117.0,,2662.0,1548.0,1565.0,petrol,m,1399.0,92.0,,,,,,,f,2016,,,
274481,2318,fr,,suzuki pool,magyar suzuki,magyar suzuki corporation ltd,magyar suzuki corp,e4*2007-46*0779*04,jy,b02s,mt,suzuki,sx4,m1,,37.0,1275.0,,119.0,,2600.0,1535.0,1505.0,petrol,m,998.0,82.0,,,,,,,f,2016,,,
140886,54868,si,,vw group pc,skoda,skoda auto as,skoda auto as,e11*2001-116*0326*38,3t,acdfcax01,nfd6fd6d9002st627,skoda,superb - combi 2.0 - tdi aut.,m1,,8.0,1575.0,,120.0,,2836.0,1578.0,1566.0,diesel,m,1968.0,140.0,,,,,,,f,2016,,,
93940,454097,de,,,automobiles citroen,automobiles citroen,citroen (f),e2*2007-46*0356*09,3,abhz,m-1s,citroen,c4 picasso,m1,,36.0,1422.0,,106.0,,2840.0,1587.0,1590.0,diesel,m,1560.0,88.0,,,,,,,f,2016,,,
99045,377957,se,,vw group pc,volkswagen,volkswagen ag,volkswagen ag,e1*2001-116*0211*38,1t,crkbac,fm6fm62s0267mms50vr261,vw,touran,m1,,1.0,1539.0,,116.0,,2786.0,1561.0,1534.0,diesel,m,1598.0,81.0,,,,,,,f,2016,,,
481732,123455,fr,,vw group pc,volkswagen,volkswagen ag,volkswagen ag,e1*2001-116*0307*43,3c,aacrlbx0,fd6fd6d9002sv7mmvr263,volkswagen,passat,m1,,221.0,1501.0,,116.0,,2786.0,1578.0,1562.0,diesel,m,1968.0,110.0,,,,,,,f,2016,,,
420859,89323,be,,vw group pc,audi ag,audi ag,audi,e1*2007-46*0436*24,4g,acsudf1,fm6cs002p4g02s57mmem2,audi,a6 avant,m1,,19.0,1765.0,,117.0,,2914.0,1612.0,1608.0,diesel,m,1968.0,110.0,,,,,,,f,2016,,,
7278,239778,pt,,ford-werke gmbh,ford werke gmbh,ford-werke gmbh,ford-werke gmbh,e13*2001-116*0185*26,wa6,t8cj1jx,7gcauaqk,ford,s-max,m1,,4.0,1734.0,,129.0,,2850.0,1606.0,1606.0,diesel,m,1997.0,132.0,,,,,,,f,2016,,,
157580,311283,be,,general motors,opel,adam opel ag,opel,e1*2001-116*0379*34,s-d,badrc12,ax2d3efxj5,opel,corsa-e,m1,,1.0,1141.0,,112.0,,2510.0,1472.0,1464.0,petrol,m,1398.0,66.0,,,,,,,f,2016,,,
289515,129786,cz,,vw group pc,volkswagen,volkswagen ag,volkswagen ag,e1*2001-116*0356*17,2ec2,km4f1350e,lec2lxa9,volkswagen,crafter,m1,,1.0,2356.0,,218.0,,4325.0,1710.0,1716.0,diesel,m,1968.0,84.0,,,,,,,f,2016,,,
194596,303227,it,,ford-werke gmbh,ford werke gmbh,ford-werke gmbh,ford werke,e1*98-14*0194*30,ju2,sfcd1l,5bdand,ford,tourneo courier,m1,,312.0,1280.0,,120.0,,2489.0,1496.0,,petrol,m,998.0,74.0,,,,,,,f,2016,,,
142897,51878,lu,,general motors,opel,adam opel ag,adam opel ag,e4*2007-46*0204*22,p-j-sw,badla12,ba3j1jnwj5,opel,astra gtc,m1,,1.0,1437.0,,149.0,,2695.0,1587.0,1587.0,petrol,m,1364.0,103.0,,,,,,,f,2016,,,
316423,163043,be,,bmw group,bmw ag,bayerische motoren werke ag,bmw,e1*2007-46*0512*18,x3,xx31,6a25000a,bmw,x4 xdrive30d,m1,,1.0,1900.0,,156.0,,2810.0,1616.0,1632.0,diesel,m,2993.0,190.0,,,,,,,f,2016,,,
478313,403405,de,,kia,kia slovakia,kia motors slovakia sro,kia motors (sk),e4*2007-46*0261*11,yns,f5df1,m62bz1,kia,venga,m1,,19.0,1356.0,,115.0,,2615.0,1547.0,1551.0,diesel,m,1582.0,94.0,,,,,,,f,2016,,,
203722,368856,se,,vw group pc,skoda,skoda auto as,skoda auto a.s.,e11*2007-46*0243*18,5e,aacjsax0,nfd7fd7cw005stmln677,skoda,octavia,m1,,4.0,1335.0,,128.0,,2676.0,1533.0,1502.0,petrol,m,1798.0,132.0,,,,,,,f,2016,,,
343881,223011,es,,kia,kia slovakia,kia motors slovakia sro,kia motors slovakia s.r.o.,e4*2007-46*0261*11,yns,f5da1,m61dz1,kia,venga,m1,,93.0,1345.0,,115.0,,2615.0,1553.0,1557.0,diesel,m,1396.0,,,,,,,,f,2016,,,
41547,3926347,cz,,vw group pc,volkswagen,volkswagen ag,"volkswagen ag, wolfsburg, srn",e1*2001-116*0252*43,2k,afcuubx0,l0j2fm6fm6bb002n1sbvr27mmll271,volkswagen,caddy,m1,m1,1.0,1537.0,,132.0,,3006.0,1537.0,1538.0,diesel,m,1968.0,110.0,,,,,,,f,2017,,,
325218,4476459,fr,,bmw group,bmw ag,bayerische motoren werke ag,bmw ag,e1*2007-46*0277*17,1c,2h31,6h340000,bmw,serie 2,m1,m1,1.0,1420.0,,130.0,,2690.0,1526.0,1526.0,petrol,m,1499.0,100.0,,,,,,,f,2017,,,
312533,811960,dk,,renault,dacia,automobile dacia sa,dacia,e2*2001-116*0314*80,sd,5sda1,5sda1f,dacia,sandero,m1,m1,1.0,1134.0,,110.0,,2589.0,1497.0,1486.0,petrol,m,898.0,66.0,,,,,,,f,2017,,,
111886,1347915,bg,,,mazda,mazda motor corporation,mazda motor corporation,e1*2001-116*0448*29,gh,626,66w01,mazda,mazda 6,m1,m1,1.0,1375.0,,129.0,,2830.0,1595.0,1585.0,petrol,m,1998.0,107.0,,,,,,,f,2017,,,
41392,491868,fi,,tata motors jaguar land rover,jaguar land rover limited,jaguar land rover limited,jaguar land rover limited,e11*2007-46*3784*02,lr,s5bd2f,a5b2,land rover,discovery,m1,,1.0,2298.0,,189.0,,2922.0,1703.0,1698.0,diesel,m,2993.0,190.0,,,,,,,f,2017,,,
167747,520444,se,,vw group pc,volkswagen,volkswagen ag,volkswagen ag,e1*2007-46*0623*26,au,gac4dcyax0,fm6fm62q025n7mmon1ml69vr2,vw,golf,m1,,2.0,1386.0,,111.0,,2620.0,1533.0,1503.0,diesel,m,1968.0,110.0,,,,,,,f,2017,,,
107205,440025,gb,,general motors,opel,adam opel gmbh,vauxhall,e1*2001-116*0379*41,s-d,cacec12,bx2g1eehk5,vauxhall,corsa se cdti ecotec s-s,m1,,1.0,1225.0,,94.0,,2510.0,1472.0,1464.0,diesel,m,1248.0,,,,,,,,f,2017,,,
40704,491180,fi,,hyundai,hyundai czech,hyundai motor manufacturing czech sro,hyundai motor manufacturing czech s.r.o,e11*2007-46*3807*01,pde,b5p31,m64bz1,hyundai,i30,m1,,2.0,1279.0,,124.0,,2650.0,1573.0,1581.0,petrol,m,1353.0,103.0,,,,,,,f,2017,,,
325414,752366,dk,,vw group pc,seat,seat sa,seat,e9*2007-46*0094*21,5f,bchzdx0v,fm6sfm6aj0117mmvlo568,seat,leon,m1,m1,1.0,1202.0,,102.0,,2618.0,1549.0,1520.0,petrol,m,999.0,85.0,,,,,,,f,2017,,,
335419,1842548,lu,,bmw group,bmw ag,bayerische motoren werke ag,bayerische motoren werke ag,e1*2007-46*1678*00,fml2,xm51,6a1400c0,mini,cooper,m1,,3.0,1190.0,,109.0,,2495.0,1501.0,1501.0,petrol,m,1499.0,100.0,,,,,,,f,2017,,,
178751,2726720,fr,,,toyota,toyota motor europe nv sa,toyota motor europe,e6*2007-46*0001*06,j15tm,gdj150(mf),gdj150l-gkteyw(9g),toyota,land cruiser 150,m1g,m1,1.0,2310.0,,194.0,,2790.0,1585.0,,diesel,m,2755.0,130.0,,,,,,,f,2017,,,
55380,68978,at,,vw group pc,skoda,skoda auto as,skoda auto a.s. tr.,e11*2007-46*0010*25,5l,acdfsax0,nfm5fm5a4051st617,skoda,yeti,m1,,2.0,1452.0,,118.0,,2576.0,1531.0,1527.0,diesel,m,1968.0,81.0,,,,,,,f,2017,,,
72537,2471598,fr,,fca italy spa,chrysler,fca us llc,fca us llc,e4*2007-46*0186*20,wk,jlkcm,h5h72s,jeep,grand cherokee,m1,m1,1.0,2403.0,,184.0,,2915.0,1628.0,1634.0,diesel,m,2987.0,184.0,,,,,,,f,2017,,,
133883,350208,gr,,ford-werke gmbh,ford werke gmbh,ford-werke gmbh,ford werke gmbh,e13*2001-116*0185*25,wa6,t8cj4kx,7hcaagrz,ford,galaxy,m1,,1.0,1841.0,,152.0,,2850.0,1606.0,1606.0,diesel,m,1997.0,132.0,,,,,,,f,2017,,,
252222,4026922,cz,,ford-werke gmbh,ford werke gmbh,ford-werke gmbh,"ford-werke gmbh, köln, srn",e13*2007-46*1138*22,dyb,m9dg15x,5cdbbamc,ford,focus,m1,m1,1.0,1325.0,,127.0,,2648.0,1554.0,1544.0,petrol,m,1498.0,134.0,,,,,,,f,2017,,,
131551,1272003,be,,vw group pc,volkswagen,volkswagen ag,volkswagen,e1*2007-46*0627*28,auv,vacczcax0,fm6fm6aj015n7mmon1ml63vr2,"volkswagen, vw",golf,m1,m1,1.0,1316.0,,125.0,,2620.0,1533.0,1504.0,petrol,m,1395.0,92.0,,,,,,,f,2017,,,
312217,4070251,cz,,vw group pc,skoda,skoda auto as,"skoda auto a.s., mlada bolesla",e11*2007-46*0243*18,5e,aacjsax0,nfm6fm62s031stmln677,skoda,octavia,m1,m1,1.0,1320.0,,135.0,,2676.0,1533.0,1502.0,petrol,m,1798.0,132.0,,,,,,,f,2017,,,
173232,983134,be,,daimler ag,daimler ag,daimler ag,mercedes,e1*2001-116*0480*23,204x,r84pp1,nzaa0504,mercedes-benz,glc 350 e 4matic,m1,m1,1.0,2040.0,,64.0,,2873.0,1639.0,1616.0,petrol-electric,m,1991.0,155.0,,,,,,,f,2017,,,
81401,419818,gb,,bmw group,bmw ag,bayerische motoren werke ag,mini,e1*2007-46*1682*02,fmx,yu52,ca2500l0,mini,countryman cooper sd all4 auto,m1,,43.0,1610.0,,133.0,,2670.0,1563.0,1565.0,diesel,m,1995.0,,,,,,,,f,2017,,,
297996,795281,dk,,,automobiles citroen,automobiles citroen,automobiles citroen,e11*2001-116*0238*12,p,s,cfb3-w1b000,citroen,c1,m1,m1,1.0,930.0,,88.0,,2340.0,1430.0,1420.0,petrol,m,998.0,51.0,,,,,,,f,2017,,,
74323,1794206,lu,,bmw group,bmw ag,bayerische motoren werke ag,bayerische motoren werke ag,e1*2007-46*0277*17,1c,2n31,6a040000,bmw,m240i xdrive,m1,,1.0,1760.0,,179.0,,2690.0,1516.0,1534.0,petrol,m,2998.0,250.0,,,,,,,f,2017,,,
142207,1369903,de,,vw group pc,audi ag,audi ag,audi,e1*2007-46*0591*19,8u,xdftcf1,fd7fd7bh002p8u077mmem1,audi,q3,m1,m1,7.0,1590.0,,139.0,,2601.0,1553.0,1575.0,diesel,m,1968.0,88.0,,,,,,,f,2017,,,
320509,4508589,fr,,bmw group,bmw ag,bayerische motoren werke ag,bmw ag,e1*2007-46*0421*18,x5,ls01,6a250000,bmw,serie x,m1g,m1,1.0,2115.0,,148.0,,2933.0,1662.0,1662.0,diesel,m,1995.0,170.0,,,,,,,f,2017,,,
187805,2033454,ro,,,toyota,toyota motor europe nv sa,toyota motor europe nv sa,e11*2001-116*0304*11,e15ej(a),zre181(e),zre181l-dexgpw(2m),toyota,corolla,m1,m1,1.0,1280.0,,129.0,,2700.0,1525.0,1520.0,petrol,m,1598.0,97.0,,,,,,,f,2017,,,
195071,1302212,bg,,kia,kia,kia motors corporation,kia motors corporation,e4*2007-46*0633*07,rp,c7p31,m63az1,kia,carens,m1,m1,1.0,1519.0,,165.0,,2750.0,1563.0,1576.0,petrol,m,1999.0,121.0,,,,,,,f,2017,,,
275187,1832808,lt,,vw group pc,skoda,skoda auto as,skoda auto as,e11*2001-116*0326*41,3t,acchhbx01,nfd6fd6d9011stn667,skoda,superb,m1,,1.0,1525.0,,145.0,,2836.0,1578.0,1566.0,petrol,m,1984.0,,,,,,,,f,2017,,,
83566,3943365,cz,,renault,dacia,automobile dacia sa,"dacia, mioveni, rumunsko",e2*2001-116*0314*82,sd,jsdcv,jsdcvg,dacia,lodgy,m1,m1,1.0,1243.0,,139.0,,2810.0,1492.0,1478.0,petrol,m,1598.0,75.0,,,,,,,f,2017,,,
312793,4409206,fr,,vw group pc,audi ag,audi ag,audi ag,e1*2007-46*0607*26,8v,sczpbf1,fd7fd7gc003p8v337mmem1,audi,a3 sportback,m1,m1,1.0,1390.0,,129.0,,2621.0,1534.0,1534.0,petrol,m,1984.0,140.0,,,,,,,f,2017,,,
105561,1783777,nl,,bmw group,bmw ag,bayerische motoren werke ag,bayerische motoren werke ag,e1*2007-46*0315*18,3k,8g31,6h350000,bmw,320i,m1,,1.0,1585.0,,147.0,,2810.0,1540.0,1580.0,petrol,m,1998.0,135.0,,,,,,,f,2017,,,
270292,1827913,lt,,renault,renault,renault sas,renault sas,e2*2001-116*0364*43,w,kw42,kw42b2,renault,kangoo,m1,,1.0,1395.0,,115.0,,2697.0,1521.0,1533.0,diesel,m,1461.0,,,,,,,,f,2017,,,
8532,2787740,at,,vw group pc,seat,seat sa,"seat, s.a.",e9*2007-46*0094*26,5f,fczeax0v,fd7sfd7cw0027mmvlm583,seat,leon st,m1,m1,1.0,1297.0,,117.0,,2620.0,1533.0,1504.0,petrol,m,1395.0,110.0,,,,,,,f,2018,,,
272030,7304577,de,,bmw group,bmw ag,bayerische motoren werke ag,bayer.mot.werke-bmw,e1*2007-46*1676*05,f1x,jh71,6hw500c0,bmw,x1 xdrive 18d,m1,m1,1.0,1655.0,1774.0,132.0,132.0,2670.0,1561.0,1562.0,diesel,m,1995.0,110.0,,,,,0.005,0.0,f,2018,,,
253725,2822706,at,,vw group pc,volkswagen,volkswagen ag,volkswagen ag,e1*2001-116*0450*34,5n,acdfgax1,am6am6a6016gl5n5nvr27mm62,"volkswagen, vw",tiguan,m1,m1,1.0,1735.0,,145.0,,2787.0,1575.0,1564.0,diesel,m,1968.0,110.0,,,,,,,f,2018,,,
299716,7223744,de,,bmw group,bmw ag,bayerische motoren werke ag,bayer.mot.werke-bmw,e1*2007-46*0314*24,3l,8d11,6aw50000,bmw,320d efficient dynamics,m1,m1,1.0,1585.0,1737.0,120.0,156.0,2810.0,1543.0,1586.0,diesel,m,1995.0,120.0,,,,,,,f,2018,,,
251385,7477780,de,ip-01-wdb-2017-1425,daimler ag,daimler ag,daimler ag,daimler (d),e1*2001-116*0480*27,204x,r733t1,czaa153a,mercedes-benz,glc 250 4matic,m1,m1,1.0,1735.0,1961.0,172.0,209.0,2873.0,1618.0,1612.0,petrol,m,1991.0,155.0,,e1 8,1.2,,,,f,2018,,,
286990,11033624,es,,bmw group,bmw ag,bayerische motoren werke ag,bayerische motoren werke ag,e1*2007-46*1675*04,f2at,6t91,caw50000,bmw,218d active tourer,m1,m1,1.0,1555.0,1646.0,119.0,141.0,2670.0,1571.0,1572.0,diesel,m,1995.0,110.0,,,,,-0.017,0.0,f,2018,,,
111653,3460321,gb,,psa-opel,automobiles peugeot,automobiles peugeot,peugeot,e2*2007-46*0534*02,m,r,hnyh-c1f000,peugeot,3008 allure s-s,m1,m1,1.0,1325.0,,117.0,,2675.0,1601.0,1610.0,petrol,m,1200.0,,,,,,,,f,2018,,,
76597,11743766,pl,ip-01-wdb-2017-1618,daimler ag,daimler ag,daimler ag,daimler ag,e1*2001-116*0480*28,204 x,r75ht1,czaa050b,mercedes-benz,amg glc 43,m1,m1,1.0,1865.0,2031.0,220.0,245.0,2873.0,1645.0,1645.0,petrol,m,2996.0,270.0,,,,,,,f,2018,,,
114087,4398616,se,,toyota-mazda,toyota,toyota motor europe nv sa,toyota motor europe nv-sa,e11*2001-116*0236*13,ab1,kgb40(h),kgb40l-ahmgkw(2p),toyota,toyota aygo,m1,,1.0,930.0,,95.0,,2340.0,1430.0,1420.0,petrol,m,998.0,51.0,,,,,,,f,2018,,,
248054,7315542,de,,bmw group,bmw ag,bayerische motoren werke ag,bayer.mot.werke-bmw,e1*2007-46*1750*04,g5k,jm11,daw500l0,bmw,540i xdrive,m1,m1,1.0,1840.0,2009.0,180.0,222.0,2975.0,1605.0,1630.0,petrol,m,2998.0,250.0,,e24 9 10,2.9,,,,f,2018,,,
94688,13026466,be,,vw group pc,volkswagen,volkswagen ag,"volkswagen, vw",e1*2007-46*1783*08,aw,abdkla,fd7fd7cw001n2vr27cp1ba,volkswagen,polo,m1,m1,1.0,1180.0,1312.0,106.0,134.0,2551.0,1499.0,1483.0,petrol,m,999.0,70.0,,,,,,0.0,f,2018,,,
34010,12871935,be,,bmw group,bmw ag,bayerische motoren werke ag,bmw,e1*2007-46*0412*16,x6,kv21,6a15r000,bmw,x6 xdrive30d,m1g,m1,1.0,2140.0,,183.0,,2933.0,1640.0,1706.0,diesel,m,2993.0,155.0,,,,,,,f,2018,,,
34408,2927419,at,ip-01-wdf-2017-2002,daimler ag,daimler ag,daimler ag,daimler ag,e1*2007-46*0457*19,639-2,koa7l310nxx,3fkr2x29bexx,mercedes-benz,vito tourer,m1,m1,1.0,2037.0,2445.0,174.0,206.0,3430.0,1666.0,1646.0,diesel,m,2143.0,100.0,,,,,,,f,2018,,,
3499,8510009,de,,vw group pc,volkswagen,volkswagen ag,volkswagen-vw,e1*2001-116*0307*54,3c,acdfgax0,fm6fm62q028sv7cnvr21ba,"volkswagen, vw",passat,m1,m1,1.0,1540.0,1684.0,114.0,141.0,2786.0,1586.0,1570.0,diesel,m,1968.0,110.0,,,,,,0.0,f,2018,,,
51032,12553270,es,,bmw group,bmw ag,bayerische motoren werke ag,bayerische motoren werke ag,e1*2007-46*1680*03,fml4,xv51,6aw500c0,mini,cooper sd,m1,m1,1.0,1370.0,1500.0,112.0,138.0,2567.0,1503.0,1503.0,diesel,m,1995.0,125.0,,,,,,,f,2018,,,
247309,10819444,es,,bmw group,bmw ag,bayerische motoren werke ag,bayerische motoren werke ag,e1*2007-46*0277*20,1c,2u11,6aw40000,bmw,220d,m1,m1,1.0,1530.0,1651.0,121.0,152.0,2690.0,1526.0,1558.0,diesel,m,1995.0,140.0,,e24 19,,,,,f,2018,,,
143161,14315695,it,ip-08-w0v-2018-0032,psa-opel,opel automobile,opel automobile gmbh,opel automobile gmbh,e4*2007-46*0996*13,b-k,da062cb12,ba2baljuk15,opel,astrasportstourer,m1,m1,1.0,1410.0,1519.0,122.0,132.0,2662.0,1548.0,1565.0,diesel,m,1598.0,81.0,,,,,,,f,2018,,,
1883,2749901,at,,ford-werke gmbh,ford werke gmbh,ford-werke gmbh,ford-werke gmbh,e9*2007-46*3142*08,jhh,xpjc1jx,5appznabcap,ford,fiesta trend,m1,m1,1.0,1157.0,1267.0,115.0,131.0,2493.0,1508.0,1471.0,petrol,m,1084.0,52.0,,,,,,,f,2018,,,
312702,15258562,bg,,bmw group,bmw gmbh,bmw m gmbh,bmw m gmbh,e1*2007-46*1791*02,g6gt,jw01,caw50800,bmw,640d xdrive,m1,m1,1.0,2010.0,2303.0,161.0,206.0,3070.0,1609.0,1641.0,diesel,m,2993.0,235.0,,e24 9,1.7,,,,f,2018,,,
274399,14240835,it,,daimler ag,daimler ag,daimler ag,daimler ag,e1*2001-116*0431*46,204,r034p0,czaa1574,mercedes,c 200,m1,m1,1.0,1465.0,,137.0,,2840.0,1576.0,1534.0,petrol,m,1991.0,135.0,,e1 8,1.2,,,,f,2018,,,
269967,7497913,de,ip-01-wdb-2018-1406,daimler ag,daimler ag,daimler ag,daimler (d),e1*2001-116*0470*23,245g,234ht2,hzba150a,mercedes-benz,cla 200,m1,m1,1.0,1395.0,1516.0,149.0,166.0,2699.0,1551.0,1545.0,petrol,m,1595.0,115.0,,e1 8,1.4,,,,f,2018,,,
140910,414107,fi,ip-24-wba-2018-6119,bmw group,bmw ag,bayerische motoren werke ag,bayerische motoren werke ag,e1*2007-46*1918*00,g5x,cv61,dab509ma,bmw,x5 xdrive30d,m1g,m1g,1.0,2185.0,2387.0,175.0,217.0,2975.0,1688.0,1705.0,diesel,m,2993.0,195.0,,e24 19,1.1,,,,f,2018,,,
147469,6404208,de,,psa-opel,automobiles citroen,automobiles citroen,citroen (f),e2*2007-46*0530*05,v,e,ahxk-n2k00l,citroen,jumpy space tourer,m1,m1,1.0,1801.0,2168.0,146.0,182.0,3275.0,1630.0,1618.0,diesel,m,1997.0,110.0,,,,,,,f,2018,,,
127665,15045588,cz,,vw group pc,skoda,skoda auto as,skoda auto as,e11*2001-116*0326*41,3t,accrlbx01,nfd6fd6d9002stn617,?koda,superb,m1,m1,1.0,1520.0,,121.0,,1578.0,2836.0,1578.0,diesel,m,1968.0,110.0,,,,,,,f,2018,,,
80878,8585888,lv,,vw group pc,audi ag,audi ag,audi ag,e1*2007-46*1550*05,fy,xdetaq1,qd7ad7cj002pfy047mmem1fs,audi,q5,m1,m1,1.0,1845.0,,132.0,,2832.0,1622.0,1626.0,diesel,m,1968.0,140.0,,,,,,,f,2018,,,
14632,8071899,de,,bmw group,bmw ag,bayerische motoren werke ag,bayer.mot.werke-bmw,e1*2007-46*1683*04,fmk,jz31,dhw50000,mini,clubman cooper,m1,m1,1.0,1395.0,1561.0,131.0,154.0,2670.0,1563.0,1565.0,petrol,m,1499.0,100.0,,,,,,,f,2018,,,
21840,3143891,pl,ip-08-tmb-2018-0006,vw group pc,skoda,skoda auto as,skoda auto as,e8*2007-46*0317*04,3t,aadfhax11,nad7ad7gc0057cnstn1c7a,skoda,superb,m1,m1,1.0,1655.0,1875.0,135.0,168.0,1572.0,2836.0,1572.0,diesel,m,1968.0,140.0,,,,,,0.0,f,2018,,,
154430,5260850,gb,ip-11-sad-2018-0056,tata motors jaguar land rover,jaguar land rover limited,jaguar land rover limited,jaguar,e11*2007-46*3324*07,dc,e,504a,jaguar,f-pace portfolio awd auto,m1g,m1g,1.0,1878.0,2028.0,182.0,230.0,2874.0,1641.0,1654.0,petrol,m,1997.0,221.0,,,,,,,f,2018,,,
79800,12141310,lu,,bmw group,bmw ag,bayerische motoren werke ag,bayerische motoren werke ag,e1*2007-46*0315*20,3k,8h71,6a250000,bmw,318d,m1,m1,1.0,1595.0,,114.0,,2810.0,1543.0,1583.0,diesel,m,1995.0,110.0,,,,,,,f,2018,,,
102079,11351877,be,,psa-opel,opel,adam opel gmbh,opel,e8*2007-46*0264*00,z-b,ca0ebab12,ba1k5adlk5,opel,insignia grand sport,m1,m1,1.0,1472.0,,138.0,,2829.0,1607.0,1610.0,petrol,m,1490.0,121.0,,,,,,,f,2018,,,
218904,6746801,de,ip-mlb53as_a0_0610-wau-1,vw group pc,audi ag,audi ag,audi,e1*2001-116*0350*38,4l,xdmvaq1,qa8qa8d6007rt91c214bfaem1s5fl,audi,sq7,m1g,m1g,1.0,2395.0,2538.0,198.0,244.0,2999.0,1640.0,1709.0,diesel,m,3956.0,320.0,246.0,,,,,,f,2019,,,
202209,12012326,si,ip-04-kmh-2018-0926,hyundai,hyundai,hyundai motor company,hyundai motor company,e4*2007-46*1259*04,os,f5p24,d71a11,hyundai,kona,m1,m1,1.0,1517.0,1589.0,158.0,187.0,2600.0,1575.0,1584.0,petrol,m,1591.0,130.0,,0,,,,0.0,f,2019,,,
283025,3668664,ro,ip-08-tmb-2018-0056,vw group pc,skoda,skoda auto as,skoda auto as,e8*2007-46*0318*06,5e,aadkrfx0,nfm6fm6aj0167cpstvln1c7a,skoda,octavia,m1,m1,1.0,1246.0,1387.0,110.0,131.0,2667.0,1533.0,1524.0,petrol,m,999.0,85.0,,,,,,,f,2019,,,
56968,13699728,cz,,vw group pc,volkswagen,volkswagen ag,volkswagen ag,e13*2007-46*1845*06,a1,dadax0ac4,fd7fd7cw0027cp1ca,volkswagen,t-roc,m1,m1,1.0,1350.0,1479.0,127.0,159.0,2590.0,1538.0,1538.0,petrol,m,1498.0,110.0,,,,,,,f,2019,,,
223608,13594019,be,ip-08-tmb-2018-0066,vw group pc,skoda,skoda auto as,skoda,e8*2007-46*0318*04,5e,acdadax0,nfd7fd7cw0027cpstvln1b7a,skoda,octavia,m1,m1,1.0,1317.0,1453.0,116.0,143.0,2667.0,1533.0,1524.0,petrol,m,1498.0,110.0,,,,,,,f,2019,,,
203819,4376649,de,ip-1-wdb-2017-2443,daimler ag,daimler ag,daimler ag,daimler d,e1*2001-116*0480*30,204x,r704p1,czaa053a,mercedes-benz,glc 250 d 4matic,m1,m1,1.0,1855.0,2064.0,161.0,191.0,2873.0,1618.0,1612.0,diesel,m,2143.0,150.0,,,,,,,f,2019,,,
57313,5227032,de,ip-0010280-wba-1,bmw group,bmw ag,bayerische motoren werke ag,bayermotwerke-bmw,e1*2007-46*1678*06,fml2,xr51,daw400l0,mini,cooper s,m1,m1,1.0,1295.0,1403.0,129.0,159.0,2495.0,1485.0,1485.0,petrol,m,1998.0,141.0,,e24 19,1.1,,,,f,2019,,,
31202,14145555,es,ip-0010219-wba-1,bmw group,bmw ag,bayerische motoren werke ag,bayerische motoren werke ag,e1*2007-46*1682*06,fmx,yu71,daw50000,mini,cooper s e all4,m1,m1,1.0,1760.0,1880.0,56.0,70.0,2670.0,1563.0,1565.0,petrol-electric,p,1499.0,100.0,138.0,,,,,,f,2019,,,
236077,14083651,at,ip-mqb48zz_a0_0105-tmb-1,vw group pc,skoda,skoda auto as,skoda auto as tr,e8*2007-46*0317*08,3t,aadczax01,nfd7fd7cw0024bfstn1b6a,skoda,superb,m1,m1,1.0,1530.0,1641.0,110.0,148.0,2836.0,1578.0,1566.0,diesel,m,1598.0,88.0,,e8 19,1.2,,,,f,2019,,,
148318,11281920,pl,ip-11-wf0-2018-0030,ford-werke gmbh,ford werke gmbh,ford-werke gmbh,ford - verke gmbh,e13*2001-116*0185*33,wa6,uncp1jx,7egbznaetfd,ford,s-max,m1,m1,1.0,1784.0,1985.0,172.0,196.0,2850.0,1606.0,1606.0,petrol,m,1498.0,121.0,,,,,,,f,2019,,,
23180,9973164,fr,ip-9-wf0-2018-0025,ford-werke gmbh,ford werke gmbh,ford-werke gmbh,ford werke gmbh,e9*2007-46*0092*27,jk8,m1ju11x,5aapznab4dv,ford,ecosport,m1,m1,1.0,1349.0,1454.0,125.0,155.0,2519.0,1519.0,1519.0,petrol,m,998.0,92.0,,,,,,0.0,f,2019,,,
58283,11822946,it,ip-01-wdb-2018-1430,daimler ag,daimler ag,daimler ag,daimler ag,e1*2007-46*1909*01,f2b,o0h9t2,fzaa150b,mercedes-benz,b 180,m1,m1,1.0,1405.0,1558.0,125.0,144.0,2729.0,1559.0,1564.0,petrol,m,1332.0,100.0,,e1 9,1.7,,,,f,2019,,,
42003,13705047,cz,ip-13-wau-2018-5023,vw group pc,audi ag,audi ag,audi ag,e1*2001-116*0430*59,b8,a2detaq1,qd7qd7cl002rt071e18s57cpbem1,audi,a4 avant,m1,m1,1.0,1690.0,1850.0,138.0,165.0,2829.0,1561.0,1561.0,diesel,m,1968.0,140.0,,,,,,,f,2019,,,
164335,3799569,gr,ip-2019_6410-wdb-1,daimler ag,daimler ag,daimler ag,daimler ag,e1*2001-116*0431*53,204,r48lt0,claa047a,mercedes-benz,c 300,m1,m1,1.0,1765.0,1880.0,144.0,171.0,2840.0,1577.0,1561.0,petrol,h,1991.0,190.0,,,,,,,f,2019,,,
111844,13962313,be,ip-08-w0v-2018-0055,psa-opel,opel automobile,opel automobile gmbh,opel,e8*2007-46*0264*08,z-b,ca073cb12,ba1zahjek25,opel,insignia grand sport,m1,m1,1.0,1441.0,1577.0,129.0,149.0,2829.0,1605.0,1608.0,petrol,m,1490.0,103.0,,,,,,,f,2019,,,
119790,5200905,de,ip-02-vf3-2017-1130,psa-opel,automobiles peugeot,automobiles peugeot,peugeot f,e2*2007-46*0070*44,c,uyhx,n-2s,peugeot,2008,m1,m1,1.0,1280.0,1428.0,105.0,139.0,2537.0,1482.0,1492.0,diesel,m,1499.0,88.0,,,,,,,f,2019,,,
173148,2627970,it,ip-02-w0v-2018-1132,psa-opel,opel automobile,opel automobile gmbh,opel automobile gmbh,e4*2007-46*1194*07,p7 monocab c,ea072cb12,ba1vagpal25,opel,crosslandx,m1,m1,1.0,1350.0,1487.0,104.0,138.0,2604.0,1513.0,1491.0,diesel,m,1499.0,88.0,,,,,,,f,2019,,,
223667,6575543,de,ip-13-wau-2018-0093,vw group pc,audi ag,audi ag,audi,e1*2007-46*1552*11,ga,xdgtef1,fd7fd7cw002rt11b177cpaem1ha0,audi,q2,m1,m1,1.0,1435.0,1569.0,118.0,157.0,2587.0,1557.0,1577.0,diesel,m,1598.0,85.0,,,,,,,f,2019,,,
242282,11011484,fi,ip-08-w0v-2018-0057,psa-opel,opel automobile,opel automobile gmbh,opel automobile gmbh,e8*2007-46*0264*08,z-b,ca074cb12,ba1zakadl25,opel,insignia grand sport,m1,m1,1.0,1472.0,1628.0,138.0,165.0,2829.0,1605.0,1608.0,petrol,m,1490.0,121.0,,,,,,,f,2019,,,
250926,13607069,cz,,vw group pc,audi ag,audi ag,audi ag,e1*2007-46*1552*05,ga,xczpbq1,qd7ad7gc007pga057mvem1ha0,audi,q2,m1,m1,1.0,1505.0,,144.0,,2587.0,1557.0,1557.0,petrol,m,1984.0,140.0,,,,,,,f,2019,,,
193818,1086480,hu,ip-yhz____atn86142-vr3-0,psa-opel,psa,psa automobiles sa,peugeot,e2*2007-46*0624*06,e,c,yhzr-d22010,peugeot,rifter,m1,m1,1.0,1707.0,1831.0,117.0,155.0,2975.0,1563.0,1577.0,diesel,m,1499.0,96.0,,,,,,,f,2019,,,
228002,14037086,at,ip-mqb48zz_b0_0145-wvw-1,vw group pc,volkswagen,volkswagen ag,volkswagen ag,e1*2001-116*0307*60,3c,acdfhax1,ad7ad7gc005sv4bfvr21cb,volkswagen vw,passat,m1,m1,1.0,1690.0,1851.0,132.0,170.0,2786.0,1578.0,1564.0,diesel,m,1968.0,140.0,,,,,,,f,2019,,,
203387,6253896,de,ip-11-wf0-2018-0024,ford-werke gmbh,ford werke gmbh,ford-werke gmbh,ford d,e13*2007-46*1911*05,deh,ylda1px,53bam6aema6,ford,focus,m1,m1,1.0,1559.0,1694.0,122.0,161.0,2700.0,1576.0,1571.0,diesel,m,1995.0,110.0,,e13 19,1.2,,,,f,2019,,,
134563,11268289,pl,ip-11-wf0-2017-0034,ford-werke gmbh,ford werke gmbh,ford-werke gmbh,frank-cars sp z oo,e13*2001-116*0249*40,ba7,uncn1fx,5gbbznaarbt,ford,mondeo,m1,m1,1.0,1629.0,1735.0,171.0,197.0,2850.0,1599.0,1595.0,petrol,m,1498.0,121.0,,,,,,,f,2019,,,
158552,7607491,de,ip-11-wf0-2018-0008,ford-werke gmbh,ford werke gmbh,ford-werke gmbh,ford d,e13*2007-46*1911*03,deh,yzda1px,5ymbz6acpbv,ford,focus,m1,m1,1.0,1408.0,1532.0,125.0,142.0,2700.0,1576.0,1571.0,petrol,m,1496.0,111.0,,,,,,,f,2019,,,
152572,7497674,de,,vw group pc,volkswagen,volkswagen ag,volkswagen-vw,e1*2001-116*0450*37,5n,acdfgax0,fd7fd7gc009n5n4tvr27cp1csb,volkswagen vw,tiguan,m1,m1,1.0,1645.0,1798.0,131.0,160.0,2677.0,1589.0,1580.0,diesel,m,1968.0,110.0,,,,,,,f,2019,,,
140817,4155359,de,ip-02-vf1-2018-0028,renault,renault,renault sas,renault f,e2*2007-46*0574*09,rfa,rf2,nc6ta0315000,renault,scenic,m1,m1,1.0,1543.0,1696.0,139.0,158.0,2804.0,1602.0,1596.0,petrol,m,1332.0,117.0,,,,,,,f,2019,,,
14553,241609,it,ip-13-wau-2018-0052,vw group pc,audi ag,audi ag,audi ag,e1*2007-46*1892*01,gb,sdkrff1,fm6fm6aj017rt11c167cpaem1,audi,a1 sportback,m1,m1,1.0,1180.0,1311.0,111.0,126.0,2550.0,1511.0,1490.0,petrol,m,999.0,85.0,,,,,,,f,2019,,,
23925,11129678,pl,ip-01-wva-2018-0208,vw group pc,volkswagen,volkswagen ag,tomasz i danuta mrukowie ppuh plandex sj,e1*2007-46*1725*10,3h,abdadax0,fd7fd7gc005v7cpvr21coa,volkswagen vw,arteon,m1,m1,1.0,1556.0,1670.0,139.0,160.0,2837.0,1587.0,1577.0,petrol,m,1498.0,110.0,,,,,,,f,2019,,,
96177,988691,hu,ip-11-wf0-2018-0018,ford-werke gmbh,ford werke gmbh,ford-werke gmbh,ford,e13*2007-46*1103*23,dxa,m8df1vx,5jgbz6ad56b,ford,c-max,m1,m1,1.0,1484.0,1592.0,163.0,176.0,2648.0,1544.0,1554.0,petrol,m,1498.0,110.0,,,,,,,f,2019,,,
95341,40617,be,,vw group pc,volkswagen,volkswagen ag,volkswagen,e1*2001-116*0242*40,1k,aecavdx0,fd7fd7am006n7mgn1,"volkswagen, vw",golf,m1,,1.0,1503.0,,148.0,,2577.0,1527.0,1500.0,petrol,m,1390.0,118.0,,,,,,,f,2012,,,
244478,181936,gb,,,automobiles peugeot,automobiles peugeot,peugeot,,a,ajfhz*,ajfhz0,peugeot,bipper tepee s hdi s-a,m1,,10.0,1330.0,,107.0,,2513.0,1462.0,1464.0,diesel,m,1248.0,,,,,,,,f,2012,,,
70075,254386,it,,vw group pc,audi ag,audi ag,audi ag,e1*2001-116*0430*22,b8,scjebf1,fm6b1004rb8tas47mgem1,audi,a5 sportback,m1,,1.0,1565.0,,136.0,,2817.0,1595.0,,petrol,m,1798.0,125.0,,,,,,,f,2012,,,
49969,249281,ie,,vw group pc,audi ag,audi ag de-85045 ingolstadt,,e3*2001-116*0217*21,8r,xcglbq1,qd7b5035r8r7c7mgem0,fiat,punto1.2 sound 4dr,m1,,8.0,1895.0,,184.0,,2510.0,,,petrol,m,1242.0,,,,,,,,f,2012,,,
194217,34757,be,,general motors,opel,adam opel ag,opel,e4*2007-46*0204*08,p-j-sw,daeda11,ba1j3abra5,opel,astra sports tourer,m1,,1.0,1550.0,,169.0,,2685.0,1541.0,1551.0,petrol,m,1598.0,85.0,,,,,,,f,2012,,,
324729,60262,de,,,automobiles peugeot,automobiles peugeot,peugeot (f),e2*2001-116*0365*15,7,7j5fs*,7j5fs0,peugeot,partnerod.ranch,m1,,484.0,1581.0,,169.0,,2728.0,1507.0,1556.0,petrol,m,1598.0,88.0,,,,,,,f,2012,,,
20553,260553,it,,daimler ag,daimler ag,daimler ag stuttgart,daimler ag,e1*2007-46*0598*04,166,a27tm1,rzaad502,mercedes,ml 63 amg,m1,,1.0,2345.0,,276.0,,2915.0,1705.0,,petrol,m,5461.0,386.0,,,,,,,f,2012,,,
297424,13374,at,,pool renault,renault,renault,renault,e2*2001-116*0327*45,r,kr2v,kr2v0h,renault,clio,m1,,3.0,1309.0,,105.0,,2575.0,1458.0,1456.0,diesel,m,1461.0,55.0,,,,,,,f,2012,,,
203913,25483,be,,daimler ag,daimler ag,daimler ag stuttgart,mercedes,e1*2001-116*0501*09,212,j0s1m0,nzaaa501,mercedes-benz,e 200 cdi,m1,,5.0,1735.0,,136.0,,2874.0,1600.0,1590.0,diesel,m,2143.0,100.0,,,,,,,f,2012,,,
204196,25738,be,,daimler ag,daimler ag,daimler ag stuttgart,mercedes,e1*2001-116*0502*09,207,l3sam0,nzaaa402,mercedes-benz,e 220 cdi,m1,,1.0,1680.0,,138.0,,2760.0,1552.0,1536.0,diesel,m,2143.0,120.0,,,,,,,f,2012,,,
48752,211171,gb,,,nissan,nissan international sa,nissan,e11*2001-116*0295*12,j10,a,a03,nissan,qashqai tekna,m1,,417.0,1434.0,,144.0,,2630.0,1540.0,1545.0,petrol,m,1598.0,,,,,,,,f,2012,,,
357696,247552,hu,,vw group pc,skoda,skoda auto as,skoda auto as,e11*2001-116*0230*44,1z,aacggax01,tfm5fm5af0150,skoda,octavia,m1,,17.0,1245.0,,149.0,,2575.0,1534.0,1505.0,petrol,m,1390.0,59.0,,,,,,,f,2012,,,
22238,262238,it,,ford-werke gmbh,ford werke gmbh,ford-werke gmbh,ford werke,e13*2007-46*1103*05,dxa,jqdb1j,5cgamb,ford,c-max,m1,,92.0,1385.0,,149.0,,2648.0,1569.0,,petrol,m,1596.0,110.0,,,,,,,f,2012,,,
267506,217259,gb,,general motors,opel,adam opel ag,vauxhall,e1*2001-116*0379*16,s-d,bn11,1a06a4d0bda5,vauxhall,corsa excite ac,m1,,86.0,1163.0,,124.0,,2511.0,1485.0,1478.0,petrol,m,1229.0,,,,,,,,f,2012,,,
33233,203152,gb,,ford-werke gmbh,ford werke gmbh,ford-werke gmbh,ford,e13*2007-46*1138*05,dyb,t1db1l,5daamc,ford,focus titanium x tdci,m1,,36.0,1424.0,,109.0,,2648.0,1559.0,1549.0,diesel,m,1560.0,,,,,,,,f,2012,,,
288238,65249,de,,bmw group,bmw ag,bayerische motoren werke ag,bayer.mot.werke-bmw,,3k,3k31,5a,,320d,,,1.0,1575.0,,122.0,,,,,diesel,m,1995.0,135.0,,,,,,,f,2012,,,
200119,31068,be,,general motors,gm korea company,gm korea company,chevrolet,e4*2007-46*0129*06,kl1m,mhd12,2bb5,chevrolet,chevrolet.spark,m1,,3.0,1044.0,,118.0,,2375.0,1410.0,1417.0,petrol,m,1206.0,60.0,,,,,,,f,2012,,,
246782,184240,gb,,bmw group,bmw ag,bayerische motoren werke ag,bmw,e1*2007-46*031*09,3l,3d32,5a200,bmw,320d sport auto,m1,,1.0,1505.0,,118.0,,2810.0,1531.0,1572.0,diesel,m,1995.0,,,,,,,,f,2012,,,
200121,3106,at,,pool renault,dacia,automobile dacia sa,dacia,e2*2001-116*0314*61,sd,5sda4,5sda45,dacia,sandero,m1,,1.0,1203.0,,99.0,,2589.0,1497.0,1486.0,diesel,m,1461.0,55.0,,,,,,,f,2012,,,
260073,187420,gb,,bmw group,bmw ag,bayerische motoren werke ag,bmw,e1*2007-46*0277*05,1c,um92,5h000,bmw,118d sport plus edition,m1,,152.0,1560.0,,127.0,,2660.0,1484.0,1517.0,diesel,m,1995.0,,,,,,,,f,2012,,,
74446,363352,si,,bmw group,bmw ag,bayerische motoren werke ag,,e1*2007-46*0371*05,ukl-l,sr31,5h000,mini,one - -,m1,,21.0,1145.0,,127.0,,2467.0,1465.0,1473.0,petrol,m,1598.0,72.0,,,,,,,f,2012,,,
8523,256023,it,,,automobiles peugeot,automobiles peugeot,automobiles peugeot,e2*2007-46*0070*04,c,a5fv8,,peugeot,208,m1,,1.0,1165.0,,135.0,,2538.0,1472.0,,petrol,m,1598.0,115.0,,,,,,,f,2012,,,
238024,170482,fr,,vw group pc,volkswagen,volkswagen ag,volkswagen ag,e1*2001-116*0242*44,1k,accaycx0,fm5fm5a4051e7mgn1,volkswagen,golf,m1,,2000.0,1318.0,,107.0,,2575.0,1527.0,1500.0,diesel,m,1598.0,77.0,,,,,,,f,2012,,,
152046,290778,lv,,vw group pc,volkswagen,volkswagen ag,volkswagen ag,e1*2007-46*0401*04,7n,cffbx0af,fm6fm6bb0027mq7vr2vw0,vw,sharan,m1,,5.0,1822.0,,146.0,,2920.0,1569.0,1617.0,diesel,m,1968.0,103.0,,,,,,,f,2012,,,
242367,174825,gb,,vw group pc,audi ag,audi ag,audi,e1*2001-116*0430*25,b8,lcgwcq1,qd7b5041rb8k5s57mgem1,audi,s4 tfsi quattro auto,m1,,18.0,1780.0,,190.0,,2820.0,1550.0,1538.0,petrol,m,2995.0,,,,,,,,f,2012,,,
15326,267826,it,,vw group pc,seat,seat sa,seat s.a.,e9*2001-116*0067*23,6j,secgpax0,sgnfm52t1117mggi,seat,ibiza st,m1,,24.0,1110.0,,128.0,,2469.0,1465.0,,petrol,m,1198.0,51.0,,,,,,,f,2012,,,
155014,303341,nl,,ford-werke gmbh,ford werke gmbh,ford-werke gmbh,ford werke gmbh,e13*2001-116*0185*16,wa6,ufwa1m,7heaqg,ford,galaxy,m1,,3.0,1733.0,,143.0,,2850.0,1588.0,1605.0,diesel,,1997.0,103.0,,,,,,,f,2012,,,
149053,290285,lv,,toyota -daihatsu group,toyota,toyota motor europe  nv sa,toyota motor europe nv-sa,e11*2001-116*0331*05,t27,zrt272(w),zrt272l-awxgpw(2f),toyota,avensis,m1,,1.0,1612.0,,161.0,,2700.0,1550.0,1550.0,petrol,m,1987.0,112.0,,,,,,,f,2012,,,
187856,166144,fr,,pool renault,renault,renault,renault,e2*2001-116*0373*21,z,kz1g,kz1g06,renault,megane,m1,,1.0,1340.0,,114.0,,2703.0,1546.0,1547.0,diesel,m,1461.0,81.0,,,,,,,f,2012,,,
252478,179825,gb,,vw group pc,audi ag,audi ag,audi,e1*2001-116*0430*18,b8,ccalaq1,qm6b2012r8t907mgem0,audi,a5 s line black edit fsi quat,m1,,1.0,1615.0,,214.0,,2758.0,1581.0,1569.0,petrol,m,3197.0,,,,,,,,f,2012,,,
299359,4455412,pt,ip-13-wau-2018-0093,vw-saic,audi ag,audi ag,audi ag,e1*2007-46*1552*15,ga,xdgtef1,fd7fd7cw002rt11b614bfaem1ha00,audi,q2,m1,m1,1.0,1435.0,1543.0,118.0,156.0,2587.0,1552.0,1557.0,diesel,m,1598.0,85.0,,,,,,,f,2020,,,
211483,2367911,de,ip-mqb27sz_a0_0539-tmb-1,vw-saic,skoda,skoda auto as,skoda (cz),e8*2007-46*0349*10,nw,abcdlaax0,nfm6fm6aj0214bistnk4n1a1a,skoda,kamiq,m1,m1,1.0,1237.0,1369.0,108.0,123.0,2639.0,1506.0,1521.0,petrol,m,999.0,81.0,,e8 17 19 28 29,2.7,1.9,,,f,2020,,,
59308,5606476,de,ip-2019_1413-wdb-1,mercedes-benz,mercedes-benz ag,mercedes-benz ag,mercedes-benz ag,e1*2007-46*1909*04,f2b,oxh7t2,fzaa170a,mercedes-benz,glb 200,m1,m1,1.0,1610.0,1769.0,138.0,166.0,2829.0,1627.0,1607.0,petrol,m,1332.0,120.0,,e1 9,1.7,,,,f,2020,,,
21431,4011248,de,ip-03_312_0163-zfa-1,fca,fiat group,fca italy spa,fca italy(i),e3*2007-46*0064*53,312,axa11,03aw,fiat,fiat 500,m1,m1,1.0,1050.0,1136.0,113.0,136.0,2300.0,1408.0,1415.0,petrol,m,1242.0,51.0,,,,,,,f,2020,,,
63724,10787956,cz,ip-hnp____mb6_1424-w0v-0,psa-opel,opel automobile,opel automobile gmbh,opel automobile,e4*2007-46*1194*10,p7 monocab c,ea025db12,bb1vadph0a5,opel,crossland x,m1,m1,1.0,1254.0,1411.0,109.0,140.0,2604.0,1513.0,1513.0,petrol,m,1199.0,81.0,,"e2 19, e2 17",2.4,,,,f,2020,,,
242795,10742841,no,ip-2017_2432-wdb-1,mercedes-benz,mercedes-benz ag,mercedes-benz ag,mercedes-benz ag,e1*2007-46*1560*15,r1es,u21it0,czaa05ga,mercedes-benz,e 300 de,m1,m1,1.0,2140.0,2306.0,44.0,44.0,2939.0,1599.0,1595.0,diesel-electric,p,1950.0,143.0,256.0,,,,,,f,2020,,,45.0
288867,4393913,it,ip-mqb27sz_a0_0216-wau-1,vw-saic,audi ag,audi ag,audi ag,e1*2007-46*1892*10,gb,hdkrff1,fd7fd7cw007rt81c184bfaem10,audi,a1 citycarver,m1,m1,1.0,1245.0,1366.0,119.0,150.0,2554.0,1522.0,1496.0,petrol,m,999.0,85.0,,,,,,,f,2020,,,
60986,5608154,de,ip-2019_0401-wdb-1,mercedes-benz,mercedes-benz ag,mercedes-benz ag,mercedes-benz ag,e1*2007-46*1829*10,f2a,x08qt2,hzaz051a,mercedes-benz,a 250 e,m1,m1,1.0,1700.0,1839.0,33.0,29.0,2729.0,1569.0,1558.0,petrol-electric,p,1332.0,118.0,225.0,,,,,,f,2020,,,75.0
31075,4728077,de,ip-ehz____amn83240-vf3-0,psa-opel,automobiles peugeot,automobiles peugeot,peugeot (f),e2*2007-46*0534*11,m,j,ehzr-c2b000,peugeot,3008,m1,m1,1.0,1555.0,1755.0,127.0,171.0,2675.0,1601.0,1610.0,diesel,m,1997.0,130.0,,,,,,,f,2020,,,
213197,10713234,de,ip-2020_0402-w1k-1,mercedes-benz,mercedes-benz ag,mercedes-benz ag,mercedes-benz ag,e1*2001-116*0501*47,212,u04st1,czaa050a,mercedes-benz,e 300 e 4matic,m1,m1,1.0,2065.0,2259.0,44.0,41.0,2939.0,1601.0,1588.0,petrol-electric,p,1991.0,155.0,242.0,,,,,,f,2020,,,54.0
130862,8531752,de,ip-mqb37az_a0_0322-wvw-1,vw-saic,volkswagen,volkswagen ag,volkswagen-vw,e1*2001-116*0211*56,1t,dfgaac,fd7fd7gc0044bfs50vr21cac,volkswagen  vw,touran,m1,m1,1.0,1620.0,1771.0,121.0,148.0,2786.0,1534.0,1561.0,diesel,m,1968.0,110.0,,e1 19,1.1,,,,f,2020,,,
54998,5198042,de,ip-c519_2019_00004-wf0-1,ford-volvo,ford werke gmbh,ford-werke gmbh,ford (d),e13*2007-46*1911*10,deh,b3da1px,5apbu6ap8bt,ford,focus,m1,m1,1.0,1383.0,1480.0,102.0,122.0,2700.0,1566.0,1571.0,petrol,m,999.0,74.0,,e13 17 19 28 29,3.0,2.2,,,f,2020,,,
207689,2003167,fr,ip-fba1ncptl4a_000-vf1-1,renault-nissan-mitsubishi,renault,renault sas,renault sas,e2*2007-46*0546*16,rfb,bf2,nc6tb0700100,renault,megane,m1,m1,1.0,1329.0,1462.0,131.0,147.0,2670.0,1596.0,1599.0,petrol,m,1332.0,117.0,,,,,,,f,2020,,,
68290,5585710,de,ip-2017_1408-wdb-1,mercedes-benz,mercedes-benz ag,mercedes-benz ag,mercedes-benz ag,e1*2001-116*0431*57,204,r031t0,blaa157a,mercedes-benz,c 180,m1,m1,1.0,1440.0,1595.0,134.0,152.0,2840.0,1577.0,1561.0,petrol,m,1595.0,115.0,,e1 8,1.2,,,,f,2020,,,
157205,1221280,no,ip-0000201-wba-1,bmw,bmw ag,bayerische motoren werke ag,,e1*2007-46*1797*08,g3x,ts11,daw50000,bmw,x3 xdrive30e,m1g,m1g,1.0,2065.0,2286.0,48.0,53.0,2864.0,1620.0,1636.0,petrol-electric,p,1998.0,135.0,,,,,,,f,2020,,,
17562,4673914,de,ip-0010483-wba-1,bmw,bmw ag,bayerische motoren werke ag,,e1*2007-46*0316*23,3c,4v11,daw400b0,bmw,420i,m1,m1,1.0,1790.0,1902.0,150.0,191.0,2810.0,1544.0,1593.0,petrol,m,1998.0,135.0,,e24 3,1.7,,,,f,2020,,,
11473,4484429,lv,ip-13-wau-2018-4003,vw-saic,audi ag,audi ag,audi ag,e1*2007-46*1550*21,fy,xdetaq1,qd7ad7cj002rt51c174bfaem1fs0,audi,q5,m1,m1,1.0,1845.0,1956.0,144.0,188.0,2826.0,1622.0,1626.0,diesel,m,1968.0,140.0,,e13 17,1.5,,,,f,2020,,,
119735,4477318,it,ip-ahx____ml6_7220-vf7-0,psa-opel,automobiles citroen,automobiles citroen,automobiles citroen,e2*2007-46*0530*12,v,e,ahxk-p2k00l,citroen,jumpy spacetourer,m1,m1,1.0,1815.0,2179.0,146.0,193.0,3275.0,1630.0,1618.0,diesel,m,1997.0,110.0,,,,,,,f,2020,,,
62509,9261538,es,ip-mqb27zz_a2_0221-vss-1,vw-saic,seat,seat sa,seat sa,e9*2007-46*3134*23,kj,bdkrf,fm6sfm6aj0244bf3b1cad,seat,ibiza,m1,m1,1.0,1149.0,1307.0,107.0,131.0,2548.0,1525.0,1505.0,petrol,m,999.0,85.0,,e9 17 19,2.6,,,,f,2020,,,
153691,9077730,be,ip-yhz____atn86142-vr3-0,psa-opel,psa,psa automobiles sa,psa automobiles sa,e2*2007-46*0624*06,e,c,yhzr-c2f010,peugeot,rifter,m1,m1,1.0,1615.0,1802.0,117.0,157.0,2975.0,1563.0,1577.0,diesel,m,1499.0,96.0,,,,,,,f,2020,,,
297290,7603319,de,ip-0000128-wba-1,bmw,bmw ag,bayerische motoren werke ag,,e1*2007-46*1824*09,f2x,yh51,daw500mt,bmw,x2 xdrive20i,m1,m1,1.0,1625.0,1767.0,142.0,166.0,2670.0,1563.0,1562.0,petrol,m,1998.0,141.0,,e24 17 19,2.9,,,,f,2020,,,
196292,7356972,de,ip-ahx____ml6_7220-vf3-0,psa-opel,automobiles peugeot,automobiles peugeot,peugeot (f),e2*2007-46*0532*11,v,e,ahxk-m2200l,opel,zafira life,m1,m1,1.0,1955.0,2226.0,148.0,193.0,3275.0,1618.0,1630.0,diesel,m,1997.0,110.0,,,,,,,f,2020,,,
224526,1090035,fr,ip-mqb37as_a0_0301-wau-1,vw-saic,audi ag,audi ag,audi ag,e1*2007-46*1900*12,f3,sdfyaf1,fd7fd7gc008rt61c204bfaha4em1cb2,audi,q3 sportback,m1,m1,1.0,1605.0,1773.0,139.0,163.0,2677.0,1582.0,1582.0,petrol,h,1498.0,110.0,,e13 19,1.4,,,,f,2020,,,
249999,10337728,cz,ip-2018_2418-wdb-1,mercedes-benz,mercedes-benz ag,mercedes-benz ag,mercedes-benz ag,e1*2007-46*1885*09,h1gle,b218t1,czaad57b,mercedes-benz,gle 300 d 4matic,m1g,m1g,1.0,2165.0,2398.0,162.0,201.0,2995.0,1685.0,1732.0,diesel,m,1950.0,180.0,,,,,,,f,2020,,,
85815,10960049,be,ip-yhz____atn84144-vr3-0,psa-opel,psa,psa automobiles sa,psa automobiles sa,e2*2007-46*0628*08,f,c,yhzr-r2k000,peugeot,508,m1,m1,1.0,1505.0,1685.0,94.0,129.0,2800.0,1600.0,1600.0,diesel,m,1499.0,96.0,,,,,,,f,2020,,,
222662,4861028,gb,ip-0010342-wba-1,bmw,bmw ag,bayerische motoren werke ag,,e1*2007-46*1952*03,g7x,cw82,daw700b0,bmw,x7 xdrive30d,m1g,m1,1.0,2445.0,2604.0,171.0,220.0,3105.0,1684.0,1705.0,diesel,m,2993.0,195.0,,e24 3 9 25,5.0,,,,f,2020,,,
244057,1112153,fr,ip-mqb27sz_a0_0216-wau-1,vw-saic,audi ag,audi ag,audi ag,e1*2007-46*1892*13,gb,hdkrff1,fd7fd7cw007rt81b174bfaem1ab0,audi,a1 city carver,m1,m1,1.0,1245.0,1364.0,117.0,146.0,2554.0,1522.0,1522.0,petrol,m,999.0,85.0,,e13 17 19,2.7,,,,f,2020,,,
141392,10930013,at,ip-yhy____be__611c-vr3-0,psa-opel,psa,psa automobiles sa,psa automobiles sa,e2*2007-46*0624*08,e,c,yhyc-a2p000,citroen,berlingo,m1,m1,1.0,1480.0,1646.0,107.0,141.0,2785.0,1563.0,1577.0,diesel,m,1499.0,75.0,,,,,,,f,2020,,,
56969,3822776,gb,ip-mqb27zz_a1_0213-wau-1,vw-saic,audi ag,audi ag,audi,e1*2007-46*1892*06,gb,sdklaf1,fm5fm5df002rt11c174bfem1a,audi,a1 s line 25 tfsi,m1,m1,1.0,1165.0,1290.0,107.0,131.0,2550.0,1511.0,1490.0,petrol,m,999.0,,,,,,,,f,2020,,,
148684,8671225,fi,ip-mqb37as_a0_0304-tmb-1,vw-saic,skoda,skoda auto as,skoda auto as,e8*2007-46*0249*15,ns,acdpcax0,nfd7fd7gc0084bf3ns7n1a8a,skoda,kodiaq,m1,m1,1.0,1624.0,1795.0,133.0,168.0,2788.0,1586.0,1576.0,petrol,m,1498.0,110.0,,e8 17 19,2.6,,,,f,2020,,,
414338,357254,lu,,pool renault,dacia,automobile dacia sa,automobile dacia,e2*2001-116*0314*65,sd,4sdaa,4sdaa5,dacia,logan,m1,,1.0,1133.0,,116.0,,2634.0,1497.0,1486.0,petrol,m,898.0,66.0,,,,,,,f,2013,,,
377060,97054,de,,pool renault,renault,renault sas,renault,e2*2001-116*0363*33,t,ltf0,ltf00e,renault,latitude,m1,,6.0,1695.0,,170.0,,2762.0,1565.0,1562.0,diesel,m,1995.0,127.0,,,,,,,f,2013,,,
392207,91296,de,,general motors,opel,adam opel ag,opel,e4*2007-46*0204*14,p-j-sw,ecdca12,ba2n1japa5,opel,zafira tourer,m1,,2.0,1701.0,,154.0,,2760.0,1577.0,1577.0,petrol,m,1364.0,103.0,,,,,,,f,2013,,,
252522,131449,de,,vw group pc,volkswagen,volkswagen ag,volkswagen-vw,e1*2001-116*0252*37,2k,afcaydx01,l0j2fm5fm5a4056n1sbvr07mj,volkswagen vw,caddy,m1,,1.0,1532.0,,149.0,,3006.0,1537.0,1544.0,diesel,m,1598.0,75.0,,,,,,,f,2013,,,
178751,430988,si,,bmw group,bmw ag,bayerische motoren werke ag,,e1*2007-46*0315*08,3k,71,5h000,bmw,325 - touring - d,m1,,1.0,1615.0,,134.0,,2810.0,1543.0,1584.0,diesel,m,1995.0,160.0,,,,,,,f,2013,,,
372277,62861,de,,vw group pc,audi ag,audi ag,audi,e1*2001-116*0430*27,b8,acdhaf1,favaw006rb8k1s57mgem1,audi,a4 avant,m1,,1.0,1600.0,,149.0,,2817.0,1566.0,1554.0,petrol,m,1798.0,88.0,,,,,,,f,2013,,,
398953,92928,de,,general motors,opel,adam opel ag,opel,e4*2007-46*0165*06,s-d monocab b,bg11,2aagb8xffk5,opel,meriva,m1,,10.0,1571.0,,139.0,,2644.0,1488.0,1509.0,diesel,m,1686.0,81.0,,,,,,,f,2013,,,
339356,417602,ro,,,mazda,mazda motor corporation,,e11*2001-116*0262*07,bl,b2z,2eu,mazda,mazda 3,m1,,47.0,1297.0,,147.0,,2640.0,1530.0,1515.0,petrol,m,1598.0,77.0,,,,,,,f,2013,,,
224527,17506,at,,,volvo,volvo car corporation,volvo,e4*2001-116*0076*31,m,mv84,mv848b??,volvo,v40,m1,,5.0,1526.0,,102.0,,2647.0,1551.0,1538.0,diesel,m,1560.0,84.0,,,,,,,f,2013,,,
47139,199558,fr,,vw group pc,skoda,skoda auto as,skoda auto as,e11*2001-116*0230*47,1z,accfhcx11,nam6am62q0310,skoda,octavia,m1,,13.0,1495.0,,148.0,,2575.0,1523.0,1491.0,diesel,m,1968.0,103.0,,,,,,,f,2013,,,
315103,222872,gb,,fiat group automobiles spa,fiat group,fiat group automobiles spa,fiat,e3*2001-116*0217*33,199lxy1al0h,lxy1a,l0h,fiat,fiat 500l,m1,,139.0,1370.0,,110.0,,2612.0,1522.0,1519.0,diesel,m,1248.0,62.0,,,,,,,f,2013,,,
57412,241724,gb,,pool renault,renault,renault sas,renault,e2*2001-116*0327*56,r,2rfl,2rfl1h,renault,captur,m1,,195.0,1245.0,,95.0,,2606.0,1531.0,1516.0,diesel,m,1461.0,66.0,,,,,,,f,2013,,,
424706,347236,it,,vw group pc,volkswagen,volkswagen ag,volkswagen ag,e1*2001-116*0211*32,1t,cfjbaf,fd6fd62e0187mjs7s1vr0so,volkswagen,touran,m1,,2.0,1639.0,,150.0,,2675.0,1535.0,,diesel,m,1968.0,130.0,,,,,,,f,2013,,,
58325,250136,gb,,,volvo,volvo car corporation,volvo,e4*2001-116*0076*29,m,mv04,mv0401,volvo,v40 se d2,m1,,1.0,1476.0,,94.0,,2647.0,1551.0,1538.0,diesel,m,1560.0,,,,,,,,f,2013,,,
301989,214758,gb,,bmw group,bmw ag,bayerische motoren werke ag,bmw,e1*2007-46*0559*03,3-v,3y32,6a250000,bmw,320d,m1,,2.0,1650.0,,131.0,,2920.0,1541.0,1570.0,diesel,m,1995.0,135.0,,,,,,,f,2013,,,
274208,172078,fi,,vw group pc,volkswagen,volkswagen ag,volkswagen ag,e1*2007-46*0623*09,au,ac4clhax0,fd7fd7cw002n7mjovlvr2,volkswagen,golf,m1,,7.0,1337.0,,102.0,,2620.0,1550.0,1522.0,diesel,m,1598.0,77.0,,,,,,,f,2013,,,
147045,296455,hu,,pool renault,renault,renault sas,renault,e2*2001-116*0379*31,jz,jz1g,jz1ga2,renault,megane scenic,m1,,1.0,1545.0,,128.0,,2772.0,1538.0,1539.0,diesel,m,1461.0,81.0,,,,,,,f,2013,,,
217978,156789,es,,honda motor europe ltd,honda motor co,honda motor co ltd,"honda motor co., ltd.",e6*2001-116*0115,cu3,38,8,honda,accord,m1,,1.0,1728.0,,162.0,,2705.0,1585.0,1590.0,,,2199.0,,,,,,,,f,2013,,,
94939,46057,be,,vw group pc,volkswagen,volkswagen ag,volkswagen,e1*2007-46*0539*12,16,aacaycx0,fm5fm5a4051n7mqvivr0,"volkswagen, vw",jetta,m1,,3.0,1392.0,,119.0,,2633.0,1527.0,1523.0,diesel,m,1598.0,77.0,,,,,,,f,2013,,,
110156,52779,cz,,,automobiles citroen,automobiles citroen,automobiles citroen,e2*2001-116*0350*20,x,xcahz,xcahz4,citroen,jumpy,m1,,42.0,2013.0,,172.0,,3000.0,1695.0,,diesel,m,1997.0,94.0,,,,,,,f,2013,,,
29437,194356,fr,,general motors,opel,adam opel ag,adam opel ag,e4*2007-46*0165*05,s-dmonocabb,bb11,3aadb5peem5,opel,meriva,m1,,30.0,1471.0,,109.0,,2644.0,1488.0,1509.0,diesel,m,1248.0,70.0,,,,,,,f,2013,,,
436783,248549,gb,,vw group pc,volkswagen,volkswagen ag,volkswagen,e13*2007-46*1167*05,aa,abchyb,fm5fm5cf0047mgvr2n1fa1vw,volkswagen,high up bluemotion technology,m1,,10.0,940.0,,98.0,,2407.0,1412.0,1408.0,petrol,m,999.0,,,,,,,,f,2013,,,
393840,58169,cz,,vw group pc,quattro,quattro gmbh,quattro,e1*2001-116*0447*07,b8,acfsaqd7,,audi,rs4 avant,m1,,1.0,1870.0,,249.0,,2819.0,1650.0,,petrol,m,4163.0,331.0,,,,,,,f,2013,,,
407434,336217,it,,fiat group automobiles spa,fiat group,fiat group automobiles spa,fiat,e3*2007-46*0027*00,,,,alfa romeo,alfa giulietta,m1,,2.0,1401.0,,114.0,,2634.0,1554.0,,diesel,m,1598.0,77.0,,,,,,,f,2013,,,
231996,33228,be,,,hyundai czech,hyundai motor manufacturing czech sro,hyundai,e4*2007-46*0207*02,jc,f5d51,m63az1,hyundai,ix20,m1,,121.0,1406.0,,125.0,,2615.0,1541.0,1545.0,diesel,m,1582.0,85.0,,,,,,,f,2013,,,
109786,3916,at,,pool renault,dacia,automobile dacia sa,automobile dacia,e2*2001-116*0314*67,sd,5sda4,5sda45,dacia,sandero,m1,,1.0,1186.0,,99.0,,2589.0,1497.0,1486.0,diesel,m,1461.0,55.0,,,,,,,f,2013,,,
101837,43265,be,,toyota -daihatsu group,toyota,toyota motor europe nv sa,toyota,e11*2007-46*0020*01,xp12(a),nlp121(hc),nlp121l-chfgxw(1b),toyota,toyota verso-s,m1,,1.0,1237.0,,113.0,,2550.0,1470.0,1460.0,diesel,m,1364.0,66.0,,,,,,,f,2013,,,
109122,38572,be,,general motors,opel,adam opel ag,opel,e1*2007-46*0374*09,0g-a,fm21,6aafg9dfebl5,opel,insignia sports tourer sw,m1,,1.0,1901.0,,149.0,,2737.0,1585.0,1587.0,diesel,m,1956.0,118.0,,,,,,,f,2013,,,
248891,125317,de,,vw group pc,volkswagen,volkswagen ag,volkswagen-vw,e1*2001-116*0450*18,5n,accthdx0,fd6fd62e027ndvivr27mjo,volkswagen,tiguan,m1,,14.0,1551.0,,164.0,,2605.0,1549.0,1551.0,petrol,m,1390.0,118.0,,,,,,,f,2013,,,
35862,208281,gb,,vw group pc,audi ag,audi ag,audi,e1*2001-116*0430*26,b8,lclabf1,favaw012rb8k3s57mgem1,audi,a4 se tdi cvt,m1,,1.0,1665.0,,129.0,,2817.0,1550.0,1538.0,diesel,m,2967.0,,,,,,,,f,2013,,,
